{"data":[{"files":[{"branches":[],"expansions":[],"filename":"/Users/titienipaul/Desktop/Facultate/sem2/OOP/Lab2-4/domain/domain.c","segments":[[3,22,86,true,true,false],[5,2,0,false,false,false],[7,25,2,true,true,false],[9,2,0,false,false,false],[11,32,8,true,true,false],[13,2,0,false,false,false],[15,27,2,true,true,false],[17,2,0,false,false,false],[19,24,25,true,true,false],[21,2,0,false,false,false],[23,29,56,true,true,false],[25,2,0,false,false,false],[27,39,2,true,true,false],[29,2,0,false,false,false],[31,43,3,true,true,false],[33,2,0,false,false,false]],"summary":{"branches":{"count":0,"covered":0,"notcovered":0,"percent":0},"functions":{"count":8,"covered":8,"percent":100},"instantiations":{"count":8,"covered":8,"percent":100},"lines":{"count":24,"covered":24,"percent":100},"regions":{"count":8,"covered":8,"notcovered":0,"percent":100}}},{"branches":[],"expansions":[],"filename":"/Users/titienipaul/Desktop/Facultate/sem2/OOP/Lab2-4/main.c","segments":[[6,11,1,true,true,false],[9,14,0,true,false,true],[10,5,0,true,true,false],[11,2,0,false,false,false]],"summary":{"branches":{"count":0,"covered":0,"notcovered":0,"percent":0},"functions":{"count":1,"covered":1,"percent":100},"instantiations":{"count":1,"covered":1,"percent":100},"lines":{"count":6,"covered":4,"percent":66.666666666666657},"regions":{"count":2,"covered":1,"notcovered":1,"percent":50}}},{"branches":[[24,21,24,33,29,34,0,0,4],[25,13,25,50,4,25,0,0,4],[40,8,40,21,1,29,0,0,4]],"expansions":[],"filename":"/Users/titienipaul/Desktop/Facultate/sem2/OOP/Lab2-4/repo/store.c","segments":[[4,21,18,true,true,false],[5,1,0,false,true,false],[8,7,18,true,false,false],[12,2,0,false,false,false],[14,35,34,true,true,false],[15,1,0,false,true,false],[22,7,34,true,false,false],[24,21,63,true,true,false],[24,33,34,true,false,false],[24,35,29,true,true,false],[24,38,34,true,false,false],[24,39,29,true,false,true],[25,9,29,true,true,false],[25,13,29,true,true,false],[25,50,29,true,false,false],[25,51,4,true,false,true],[26,13,4,true,true,false],[26,40,34,true,false,false],[28,2,0,false,false,false],[30,44,30,true,true,false],[31,1,0,false,true,false],[37,7,30,true,false,false],[40,8,30,true,true,false],[40,21,30,true,false,false],[40,22,1,true,true,false],[43,6,29,true,false,true],[44,9,29,true,true,false],[47,6,30,true,false,false],[48,2,0,false,false,false]],"summary":{"branches":{"count":6,"covered":6,"notcovered":0,"percent":100},"functions":{"count":3,"covered":3,"percent":100},"instantiations":{"count":3,"covered":3,"percent":100},"lines":{"count":24,"covered":24,"percent":100},"regions":{"count":11,"covered":11,"notcovered":0,"percent":100}}},{"branches":[[65,17,65,27,4,1,0,0,4],[65,31,65,38,3,1,0,0,4],[66,12,66,47,1,2,0,0,4],[68,8,68,15,1,1,0,0,4],[69,25,69,35,1,1,0,0,4],[85,17,85,29,4,2,0,0,4],[86,23,86,33,6,4,0,0,4],[87,16,87,25,3,3,0,0,4],[88,20,88,87,1,2,0,0,4],[95,20,95,87,3,0,0,0,4],[112,17,112,29,4,2,0,0,4],[113,23,113,33,6,4,0,0,4],[114,16,114,25,3,3,0,0,4],[115,20,115,97,1,2,0,0,4],[122,20,122,97,3,0,0,0,4],[140,17,140,27,6,2,0,0,4],[141,12,141,73,2,4,0,0,4],[155,17,155,27,6,2,0,0,4],[156,12,156,51,2,4,0,0,4],[170,17,170,27,6,2,0,0,4],[171,12,171,61,2,4,0,0,4]],"expansions":[],"filename":"/Users/titienipaul/Desktop/Facultate/sem2/OOP/Lab2-4/service/manager.c","segments":[[6,95,26,true,true,false],[7,1,0,false,true,false],[17,7,26,true,false,false],[26,2,0,false,false,false],[29,55,1,true,true,false],[30,1,0,false,true,false],[37,7,1,true,false,false],[40,2,0,false,false,false],[42,60,1,true,true,false],[43,1,0,false,true,false],[50,7,1,true,false,false],[53,2,0,false,false,false],[56,39,2,true,true,false],[57,1,0,false,true,false],[63,7,2,true,false,false],[65,17,5,true,true,false],[65,27,5,true,false,false],[65,31,4,true,true,false],[65,38,2,true,false,false],[65,39,3,true,true,false],[65,42,2,true,false,false],[65,43,3,true,false,true],[66,9,3,true,true,false],[66,12,3,true,true,false],[66,47,3,true,false,false],[66,48,1,true,false,true],[67,13,1,true,true,false],[67,18,2,true,false,false],[68,8,2,true,true,false],[68,15,2,true,false,false],[68,16,1,true,true,false],[69,25,2,true,true,false],[69,35,1,true,false,false],[69,36,1,true,true,false],[69,39,1,true,false,false],[70,13,1,true,true,false],[70,60,1,true,false,false],[72,6,2,true,false,false],[73,2,0,false,false,false],[76,47,2,true,true,false],[77,1,0,false,true,false],[84,7,2,true,false,false],[85,17,6,true,true,false],[85,29,2,true,false,false],[85,30,4,true,true,false],[85,33,2,true,false,false],[85,34,4,true,false,true],[86,9,4,true,true,false],[86,23,10,true,true,false],[86,33,4,true,false,false],[86,34,6,true,true,false],[86,37,4,true,false,false],[86,38,6,true,false,true],[87,13,6,true,true,false],[87,16,6,true,true,false],[87,25,6,true,false,false],[87,26,3,true,true,false],[88,20,3,true,true,false],[88,87,3,true,false,false],[88,88,1,true,true,false],[92,18,3,true,false,false],[94,17,3,true,true,false],[95,20,3,true,true,false],[95,87,3,true,false,false],[95,88,3,true,true,false],[99,18,3,true,false,false],[100,14,2,true,false,false],[101,2,0,false,false,false],[103,52,2,true,true,false],[104,1,0,false,true,false],[111,7,2,true,false,false],[112,17,6,true,true,false],[112,29,2,true,false,false],[112,30,4,true,true,false],[112,33,2,true,false,false],[112,34,4,true,false,true],[113,9,4,true,true,false],[113,23,10,true,true,false],[113,33,4,true,false,false],[113,34,6,true,true,false],[113,37,4,true,false,false],[113,38,6,true,false,true],[114,13,6,true,true,false],[114,16,6,true,true,false],[114,25,6,true,false,false],[114,26,3,true,true,false],[115,20,3,true,true,false],[115,97,3,true,false,false],[115,98,1,true,true,false],[119,18,3,true,false,false],[121,17,3,true,true,false],[122,20,3,true,true,false],[122,97,3,true,false,false],[122,98,3,true,true,false],[126,18,3,true,false,false],[127,14,2,true,false,false],[128,2,0,false,false,false],[131,57,2,true,true,false],[132,1,0,false,true,false],[138,7,2,true,false,false],[140,17,8,true,true,false],[140,27,2,true,false,false],[140,28,6,true,true,false],[140,31,2,true,false,false],[140,32,6,true,false,true],[141,9,6,true,true,false],[141,12,6,true,true,false],[141,73,6,true,false,false],[141,74,2,true,false,true],[142,13,2,true,true,false],[142,57,2,true,false,false],[144,2,0,false,false,false],[146,42,2,true,true,false],[147,1,0,false,true,false],[153,7,2,true,false,false],[155,17,8,true,true,false],[155,27,2,true,false,false],[155,28,6,true,true,false],[155,31,2,true,false,false],[155,32,6,true,false,true],[156,9,6,true,true,false],[156,12,6,true,true,false],[156,51,6,true,false,false],[156,52,2,true,false,true],[157,13,2,true,true,false],[157,57,2,true,false,false],[159,2,0,false,false,false],[161,52,2,true,true,false],[162,1,0,false,true,false],[168,7,2,true,false,false],[170,17,8,true,true,false],[170,27,2,true,false,false],[170,28,6,true,true,false],[170,31,2,true,false,false],[170,32,6,true,false,true],[171,9,6,true,true,false],[171,12,6,true,true,false],[171,61,6,true,false,false],[171,62,2,true,false,true],[172,13,2,true,true,false],[172,57,2,true,false,false],[174,2,0,false,false,false]],"summary":{"branches":{"count":42,"covered":40,"notcovered":2,"percent":95.238095238095227},"functions":{"count":9,"covered":9,"percent":100},"instantiations":{"count":9,"covered":9,"percent":100},"lines":{"count":86,"covered":86,"percent":100},"regions":{"count":62,"covered":62,"notcovered":0,"percent":100}}},{"branches":[],"expansions":[],"filename":"/Users/titienipaul/Desktop/Facultate/sem2/OOP/Lab2-4/teste/teste.c","segments":[[8,26,1,true,true,false],[10,26,0,true,false,true],[11,5,1,true,false,false],[11,45,0,true,false,true],[12,5,1,true,false,false],[12,55,0,true,false,true],[13,5,1,true,false,false],[13,43,0,true,false,true],[14,5,1,true,false,false],[14,30,0,true,false,true],[15,5,1,true,false,false],[16,2,0,false,false,false],[18,20,1,true,true,false],[20,26,0,true,false,true],[21,5,1,true,false,false],[21,45,0,true,false,true],[22,5,1,true,false,false],[22,55,0,true,false,true],[23,5,1,true,false,false],[23,43,0,true,false,true],[24,5,1,true,false,false],[24,30,0,true,false,true],[25,5,1,true,false,false],[25,33,0,true,false,true],[26,5,1,true,false,false],[27,33,0,true,false,true],[28,5,1,true,false,false],[28,30,0,true,false,true],[29,5,1,true,false,false],[31,2,0,false,false,false],[33,29,1,true,true,false],[37,46,0,true,false,true],[38,5,1,true,false,false],[40,2,0,false,false,false],[42,34,1,true,true,false],[46,50,0,true,false,true],[47,5,1,true,false,false],[49,2,0,false,false,false],[51,26,1,true,true,false],[57,20,0,true,false,true],[58,5,1,true,false,false],[59,20,0,true,false,true],[60,5,1,true,false,false],[61,20,0,true,false,true],[62,5,1,true,false,false],[63,2,0,false,false,false],[65,30,1,true,true,false],[73,20,0,true,false,true],[74,5,1,true,false,false],[75,43,0,true,false,true],[76,5,1,true,false,false],[76,43,0,true,false,true],[77,5,1,true,false,false],[77,43,0,true,false,true],[78,5,1,true,false,false],[79,43,0,true,false,true],[80,5,1,true,false,false],[80,43,0,true,false,true],[81,5,1,true,false,false],[82,2,0,false,false,false],[84,34,1,true,true,false],[92,20,0,true,false,true],[93,5,1,true,false,false],[94,43,0,true,false,true],[95,5,1,true,false,false],[95,43,0,true,false,true],[96,5,1,true,false,false],[96,43,0,true,false,true],[97,5,1,true,false,false],[98,43,0,true,false,true],[99,5,1,true,false,false],[99,43,0,true,false,true],[100,5,1,true,false,false],[101,2,0,false,false,false],[103,32,1,true,true,false],[111,20,0,true,false,true],[112,5,1,true,false,false],[113,46,0,true,false,true],[114,5,1,true,false,false],[114,46,0,true,false,true],[115,5,1,true,false,false],[117,2,0,false,false,false],[119,26,1,true,true,false],[127,20,0,true,false,true],[128,5,1,true,false,false],[129,46,0,true,false,true],[130,5,1,true,false,false],[130,46,0,true,false,true],[131,5,1,true,false,false],[133,2,0,false,false,false],[135,31,1,true,true,false],[143,20,0,true,false,true],[144,5,1,true,false,false],[145,46,0,true,false,true],[146,5,1,true,false,false],[146,46,0,true,false,true],[147,5,1,true,false,false],[149,2,0,false,false,false],[152,25,1,true,true,false],[155,2,0,false,false,false],[157,28,1,true,true,false],[162,23,0,true,false,true],[163,5,1,true,false,false],[164,23,0,true,false,true],[165,5,1,true,false,false],[165,53,0,true,false,true],[166,5,1,true,false,false],[167,23,0,true,false,true],[168,5,1,true,false,false],[169,23,0,true,false,true],[170,5,1,true,false,false],[170,46,0,true,false,true],[171,5,1,true,false,false],[171,53,0,true,false,true],[172,5,1,true,false,false],[173,2,0,false,false,false],[175,17,1,true,true,false],[182,31,0,true,false,true],[183,5,1,true,false,false],[183,38,0,true,false,true],[184,5,1,true,false,false],[184,35,0,true,false,true],[185,5,1,true,false,false],[187,2,0,false,false,false],[191,24,1,true,true,false],[193,31,0,true,false,true],[194,5,1,true,false,false],[196,2,0,false,false,false],[198,25,1,true,true,false],[200,34,0,true,false,true],[201,5,1,true,false,false],[203,2,0,false,false,false],[205,32,1,true,true,false],[207,41,0,true,false,true],[208,5,1,true,false,false],[210,2,0,false,false,false],[212,26,1,true,true,false],[214,35,0,true,false,true],[215,5,1,true,false,false],[217,2,0,false,false,false],[219,31,1,true,true,false],[221,45,0,true,false,true],[222,5,1,true,false,false],[224,2,0,false,false,false],[227,17,1,true,true,false],[228,1,0,false,true,false],[228,20,1,true,false,false],[239,1,0,false,true,false],[239,17,1,true,false,false],[243,1,0,false,true,false],[243,21,1,true,false,false],[249,2,0,false,false,false]],"summary":{"branches":{"count":0,"covered":0,"notcovered":0,"percent":0},"functions":{"count":19,"covered":19,"percent":100},"instantiations":{"count":19,"covered":19,"percent":100},"lines":{"count":217,"covered":163,"percent":75.115207373271886},"regions":{"count":19,"covered":19,"notcovered":0,"percent":100}}},{"branches":[[17,8,17,18,0,0,0,0,4],[20,21,20,30,0,0,0,0,4],[35,11,35,15,0,0,0,0,4],[38,12,38,27,0,0,0,0,4],[46,11,46,15,0,0,0,0,4],[49,12,49,29,0,0,0,0,4],[57,11,57,15,0,0,0,0,4],[60,12,60,43,0,0,0,0,4],[71,11,71,15,0,0,0,0,4],[74,12,74,31,0,0,0,0,4],[82,11,82,15,0,0,0,0,4],[85,12,85,41,0,0,0,0,4],[98,11,98,15,0,0,0,0,4],[101,12,101,27,0,0,0,0,4],[107,8,107,15,0,0,0,0,4],[114,12,114,18,0,0,0,0,4],[117,19,117,23,0,0,0,0,4],[120,20,120,43,0,0,0,0,4],[127,17,127,23,0,0,0,0,4],[130,19,130,23,0,0,0,0,4],[133,20,133,48,0,0,0,0,4],[140,17,140,23,0,0,0,0,4],[143,19,143,23,0,0,0,0,4],[146,20,146,43,0,0,0,0,4],[154,19,154,23,0,0,0,0,4],[157,20,157,48,0,0,0,0,4],[176,11,176,15,0,0,0,0,4],[179,12,179,27,0,0,0,0,4],[185,8,185,15,0,0,0,0,4],[194,8,194,18,0,0,0,0,4],[197,15,197,20,0,0,0,0,4],[202,16,202,22,0,0,0,0,4],[202,26,202,32,0,0,0,0,4],[209,15,209,20,0,0,0,0,4],[214,16,214,27,0,0,0,0,4],[216,21,216,32,0,0,0,0,4],[227,8,227,18,0,0,0,0,4],[230,15,230,19,0,0,0,0,4],[236,16,236,27,0,0,0,0,4],[240,23,240,28,0,0,0,0,4],[243,24,243,55,0,0,0,0,4],[251,21,251,32,0,0,0,0,4],[255,23,255,28,0,0,0,0,4],[258,24,258,43,0,0,0,0,4],[266,21,266,32,0,0,0,0,4],[270,23,270,28,0,0,0,0,4],[273,24,273,53,0,0,0,0,4],[291,11,291,15,0,0,0,0,4],[298,13,298,21,0,0,0,0,4],[301,13,301,21,0,0,0,0,4],[304,13,304,21,0,0,0,0,4],[307,13,307,21,0,0,0,0,4],[310,13,310,21,0,0,0,0,4],[313,13,313,21,0,0,0,0,4],[316,13,316,21,0,0,0,0,4],[319,13,319,20,0,0,0,0,4]],"expansions":[],"filename":"/Users/titienipaul/Desktop/Facultate/sem2/OOP/Lab2-4/ui/ui.c","segments":[[6,15,0,true,true,false],[14,2,0,false,false,false],[16,33,0,true,true,false],[17,8,0,true,true,false],[17,18,0,true,false,false],[18,9,0,true,true,false],[18,38,0,true,false,false],[19,9,0,true,true,false],[20,21,0,true,true,false],[20,30,0,true,false,false],[20,31,0,true,true,false],[20,34,0,true,false,false],[20,35,0,true,true,false],[28,10,0,true,false,false],[30,2,0,false,false,false],[32,37,0,true,true,false],[35,11,0,true,true,false],[35,15,0,true,false,false],[35,16,0,true,true,false],[38,12,0,true,true,false],[38,27,0,true,false,false],[39,13,0,true,true,false],[39,16,0,true,false,false],[41,13,0,true,true,false],[41,35,0,true,false,false],[43,1,0,false,true,false],[43,1,0,true,false,false],[46,11,0,true,true,false],[46,15,0,true,false,false],[46,16,0,true,true,false],[49,12,0,true,true,false],[49,29,0,true,false,false],[50,13,0,true,true,false],[50,16,0,true,false,false],[52,13,0,true,true,false],[52,36,0,true,false,false],[54,1,0,false,true,false],[54,1,0,true,false,false],[57,11,0,true,true,false],[57,15,0,true,false,false],[57,16,0,true,true,false],[60,12,0,true,true,false],[60,43,0,true,false,false],[61,13,0,true,true,false],[61,16,0,true,false,false],[63,13,0,true,true,false],[63,43,0,true,false,false],[68,1,0,false,true,false],[68,1,0,true,false,false],[71,11,0,true,true,false],[71,15,0,true,false,false],[71,16,0,true,true,false],[74,12,0,true,true,false],[74,31,0,true,false,false],[75,13,0,true,true,false],[75,16,0,true,false,false],[77,13,0,true,true,false],[77,37,0,true,false,false],[79,1,0,false,true,false],[79,1,0,true,false,false],[82,11,0,true,true,false],[82,15,0,true,false,false],[82,16,0,true,true,false],[85,12,0,true,true,false],[85,41,0,true,false,false],[86,13,0,true,true,false],[86,16,0,true,false,false],[88,13,0,true,true,false],[88,43,0,true,false,false],[90,1,0,false,true,false],[90,1,0,true,false,false],[93,2,0,false,false,false],[95,40,0,true,true,false],[98,11,0,true,true,false],[98,15,0,true,false,false],[98,16,0,true,true,false],[101,12,0,true,true,false],[101,27,0,true,false,false],[102,13,0,true,true,false],[102,16,0,true,false,false],[104,13,0,true,true,false],[104,35,0,true,false,false],[107,8,0,true,true,false],[107,15,0,true,false,false],[107,16,0,true,true,false],[114,12,0,true,true,false],[114,18,0,true,false,false],[114,19,0,true,true,false],[117,19,0,true,true,false],[117,23,0,true,false,false],[117,24,0,true,true,false],[120,20,0,true,true,false],[120,43,0,true,false,false],[121,21,0,true,true,false],[121,24,0,true,false,false],[123,21,0,true,true,false],[123,45,0,true,false,false],[127,14,0,true,true,false],[127,17,0,true,true,false],[127,23,0,true,false,false],[127,24,0,true,true,false],[130,19,0,true,true,false],[130,23,0,true,false,false],[130,24,0,true,true,false],[133,20,0,true,true,false],[133,48,0,true,false,false],[134,21,0,true,true,false],[134,24,0,true,false,false],[136,21,0,true,true,false],[136,51,0,true,false,false],[140,14,0,true,true,false],[140,17,0,true,true,false],[140,23,0,true,false,false],[140,24,0,true,true,false],[143,19,0,true,true,false],[143,23,0,true,false,false],[143,24,0,true,true,false],[146,20,0,true,true,false],[146,43,0,true,false,false],[147,21,0,true,true,false],[147,24,0,true,false,false],[149,21,0,true,true,false],[149,45,0,true,false,false],[154,19,0,true,true,false],[154,23,0,true,false,false],[154,24,0,true,true,false],[157,20,0,true,true,false],[157,48,0,true,false,false],[158,21,0,true,true,false],[158,24,0,true,false,false],[160,21,0,true,true,false],[160,51,0,true,false,false],[164,13,0,true,true,false],[166,10,0,true,false,false],[169,9,0,true,true,false],[169,57,0,true,false,false],[170,1,0,false,true,false],[170,1,0,true,false,false],[171,2,0,false,false,false],[173,35,0,true,true,false],[176,11,0,true,true,false],[176,15,0,true,false,false],[176,16,0,true,true,false],[179,12,0,true,true,false],[179,27,0,true,false,false],[180,13,0,true,true,false],[180,16,0,true,false,false],[182,13,0,true,true,false],[182,35,0,true,false,false],[185,8,0,true,true,false],[185,15,0,true,false,false],[185,16,0,true,true,false],[187,6,0,true,false,true],[188,9,0,true,true,false],[190,6,0,true,false,false],[191,2,0,false,false,false],[193,29,0,true,true,false],[194,8,0,true,true,false],[194,18,0,true,false,false],[194,19,0,true,true,false],[197,15,0,true,true,false],[197,20,0,true,false,false],[197,21,0,true,true,false],[202,16,0,true,true,false],[202,22,0,true,false,false],[202,26,0,true,true,false],[202,32,0,true,false,false],[203,17,0,true,true,false],[203,21,0,true,false,false],[205,17,0,true,true,false],[205,45,0,true,false,false],[209,15,0,true,true,false],[209,20,0,true,false,false],[209,21,0,true,true,false],[214,16,0,true,true,false],[214,27,0,true,false,false],[215,17,0,true,true,false],[215,72,0,true,false,false],[216,18,0,true,true,false],[216,21,0,true,true,false],[216,32,0,true,false,false],[217,17,0,true,true,false],[217,77,0,true,false,false],[219,17,0,true,true,false],[219,45,0,true,false,false],[223,9,0,true,true,false],[223,53,0,true,false,false],[224,2,0,false,false,false],[226,30,0,true,true,false],[227,8,0,true,true,false],[227,18,0,true,false,false],[227,19,0,true,true,false],[230,15,0,true,true,false],[230,19,0,true,false,false],[230,20,0,true,true,false],[236,16,0,true,true,false],[236,27,0,true,false,false],[236,28,0,true,true,false],[240,23,0,true,true,false],[240,28,0,true,false,false],[240,29,0,true,true,false],[243,24,0,true,true,false],[243,55,0,true,false,false],[244,25,0,true,true,false],[244,29,0,true,false,false],[246,25,0,true,true,false],[246,55,0,true,false,false],[251,18,0,true,true,false],[251,21,0,true,true,false],[251,32,0,true,false,false],[251,33,0,true,true,false],[255,23,0,true,true,false],[255,28,0,true,false,false],[255,29,0,true,true,false],[258,24,0,true,true,false],[258,43,0,true,false,false],[259,25,0,true,true,false],[259,29,0,true,false,false],[261,25,0,true,true,false],[261,49,0,true,false,false],[266,18,0,true,true,false],[266,21,0,true,true,false],[266,32,0,true,false,false],[266,33,0,true,true,false],[270,23,0,true,true,false],[270,28,0,true,false,false],[270,29,0,true,true,false],[273,24,0,true,true,false],[273,53,0,true,false,false],[274,25,0,true,true,false],[274,29,0,true,false,false],[276,25,0,true,true,false],[276,49,0,true,false,false],[282,17,0,true,true,false],[282,45,0,true,false,false],[286,9,0,true,true,false],[286,53,0,true,false,false],[287,2,0,false,false,false],[289,31,0,true,true,false],[291,11,0,true,true,false],[291,15,0,true,false,false],[291,16,0,true,true,false],[297,9,0,true,false,true],[298,13,0,true,true,false],[300,22,0,true,false,true],[301,13,0,true,true,false],[303,22,0,true,false,true],[304,13,0,true,true,false],[306,22,0,true,false,true],[307,13,0,true,true,false],[309,22,0,true,false,true],[310,13,0,true,true,false],[312,22,0,true,false,true],[313,13,0,true,true,false],[315,22,0,true,false,true],[316,13,0,true,true,false],[318,22,0,true,false,true],[319,13,0,true,true,false],[321,22,0,true,false,false],[324,2,0,false,false,false]],"summary":{"branches":{"count":112,"covered":0,"notcovered":112,"percent":0},"functions":{"count":8,"covered":0,"percent":0},"instantiations":{"count":8,"covered":0,"percent":0},"lines":{"count":306,"covered":0,"percent":0},"regions":{"count":141,"covered":0,"notcovered":141,"percent":0}}},{"branches":[[9,8,9,12,1,1,0,0,4],[20,8,20,32,0,2,0,0,4],[20,36,20,59,0,2,0,0,4],[20,63,20,88,0,2,0,0,4],[20,92,20,118,0,2,0,0,4],[20,122,20,146,1,1,0,0,4],[31,8,31,36,0,2,0,0,4],[31,40,31,69,1,1,0,0,4],[31,73,31,101,0,1,0,0,4],[31,105,31,131,0,1,0,0,4],[42,8,42,15,1,1,0,0,4],[53,8,53,20,1,1,0,0,4]],"expansions":[],"filename":"/Users/titienipaul/Desktop/Facultate/sem2/OOP/Lab2-4/validari/validator.c","segments":[[3,24,2,true,true,false],[4,1,0,false,true,false],[8,7,2,true,false,false],[9,8,2,true,true,false],[9,12,2,true,false,false],[9,13,1,true,false,true],[10,9,1,true,true,false],[10,17,2,true,false,false],[10,18,1,true,false,true],[11,5,1,true,true,false],[11,13,2,true,false,false],[12,2,0,false,false,false],[14,29,2,true,true,false],[15,1,0,false,true,false],[19,7,2,true,false,false],[20,8,2,true,true,false],[20,32,2,true,false,false],[20,36,2,true,true,false],[20,59,2,true,false,false],[20,63,2,true,true,false],[20,88,2,true,false,false],[20,92,2,true,true,false],[20,118,2,true,false,false],[20,122,2,true,true,false],[20,146,2,true,false,false],[20,147,1,true,false,true],[21,9,1,true,true,false],[21,17,2,true,false,false],[21,18,1,true,false,true],[22,5,1,true,true,false],[22,13,2,true,false,false],[23,2,0,false,false,false],[25,43,2,true,true,false],[26,1,0,false,true,false],[30,7,2,true,false,false],[31,8,2,true,true,false],[31,36,2,true,false,false],[31,40,2,true,true,false],[31,69,2,true,false,false],[31,73,1,true,true,false],[31,101,2,true,false,false],[31,105,1,true,true,false],[31,131,2,true,false,false],[31,132,1,true,false,true],[32,9,1,true,true,false],[32,17,2,true,false,false],[32,18,1,true,false,true],[33,5,1,true,true,false],[33,13,2,true,false,false],[34,2,0,false,false,false],[36,28,2,true,true,false],[37,1,0,false,true,false],[41,7,2,true,false,false],[42,8,2,true,true,false],[42,15,2,true,false,false],[42,16,1,true,false,true],[43,9,1,true,true,false],[43,17,2,true,false,false],[43,18,1,true,false,true],[44,5,1,true,true,false],[44,13,2,true,false,false],[45,2,0,false,false,false],[47,39,2,true,true,false],[48,1,0,false,true,false],[52,7,2,true,false,false],[53,8,2,true,true,false],[53,20,2,true,false,false],[53,21,1,true,false,true],[54,9,1,true,true,false],[54,17,2,true,false,false],[54,18,1,true,false,true],[55,5,1,true,true,false],[55,13,2,true,false,false],[56,2,0,false,false,false]],"summary":{"branches":{"count":24,"covered":17,"notcovered":7,"percent":70.833333333333343},"functions":{"count":5,"covered":5,"percent":100},"instantiations":{"count":5,"covered":5,"percent":100},"lines":{"count":25,"covered":25,"percent":100},"regions":{"count":34,"covered":34,"notcovered":0,"percent":100}}}],"functions":[{"branches":[],"count":1,"filenames":["/Users/titienipaul/Desktop/Facultate/sem2/OOP/Lab2-4/main.c"],"name":"main","regions":[[6,11,11,2,1,0,0,0],[9,14,10,5,0,0,0,3],[10,5,11,2,0,0,0,0]]},{"branches":[],"count":86,"filenames":["/Users/titienipaul/Desktop/Facultate/sem2/OOP/Lab2-4/domain/domain.c"],"name":"get_id","regions":[[3,22,5,2,86,0,0,0]]},{"branches":[],"count":2,"filenames":["/Users/titienipaul/Desktop/Facultate/sem2/OOP/Lab2-4/domain/domain.c"],"name":"get_tip","regions":[[7,25,9,2,2,0,0,0]]},{"branches":[],"count":8,"filenames":["/Users/titienipaul/Desktop/Facultate/sem2/OOP/Lab2-4/domain/domain.c"],"name":"get_producator","regions":[[11,32,13,2,8,0,0,0]]},{"branches":[],"count":2,"filenames":["/Users/titienipaul/Desktop/Facultate/sem2/OOP/Lab2-4/domain/domain.c"],"name":"get_model","regions":[[15,27,17,2,2,0,0,0]]},{"branches":[],"count":25,"filenames":["/Users/titienipaul/Desktop/Facultate/sem2/OOP/Lab2-4/domain/domain.c"],"name":"get_pret","regions":[[19,24,21,2,25,0,0,0]]},{"branches":[],"count":56,"filenames":["/Users/titienipaul/Desktop/Facultate/sem2/OOP/Lab2-4/domain/domain.c"],"name":"get_cantitate","regions":[[23,29,25,2,56,0,0,0]]},{"branches":[],"count":2,"filenames":["/Users/titienipaul/Desktop/Facultate/sem2/OOP/Lab2-4/domain/domain.c"],"name":"set_pret","regions":[[27,39,29,2,2,0,0,0]]},{"branches":[],"count":3,"filenames":["/Users/titienipaul/Desktop/Facultate/sem2/OOP/Lab2-4/domain/domain.c"],"name":"set_cantitate","regions":[[31,43,33,2,3,0,0,0]]},{"branches":[],"count":18,"filenames":["/Users/titienipaul/Desktop/Facultate/sem2/OOP/Lab2-4/repo/store.c"],"name":"creare_lista","regions":[[4,21,12,2,18,0,0,0],[5,1,8,7,0,0,0,2]]},{"branches":[[24,21,24,33,29,34,0,0,4],[25,13,25,50,4,25,0,0,4]],"count":34,"filenames":["/Users/titienipaul/Desktop/Facultate/sem2/OOP/Lab2-4/repo/store.c"],"name":"find","regions":[[14,35,28,2,34,0,0,0],[15,1,22,7,0,0,0,2],[24,21,24,33,63,0,0,0],[24,35,24,38,29,0,0,0],[24,39,25,9,29,0,0,3],[25,9,26,40,29,0,0,0],[25,13,25,50,29,0,0,0],[25,51,26,13,4,0,0,3],[26,13,26,40,4,0,0,0]]},{"branches":[[40,8,40,21,1,29,0,0,4]],"count":30,"filenames":["/Users/titienipaul/Desktop/Facultate/sem2/OOP/Lab2-4/repo/store.c"],"name":"adaugare_produs","regions":[[30,44,48,2,30,0,0,0],[31,1,37,7,0,0,0,2],[40,8,40,21,30,0,0,0],[40,22,43,6,1,0,0,0],[43,6,44,9,29,0,0,3],[44,9,47,6,29,0,0,0]]},{"branches":[],"count":26,"filenames":["/Users/titienipaul/Desktop/Facultate/sem2/OOP/Lab2-4/service/manager.c"],"name":"creare_produs","regions":[[6,95,26,2,26,0,0,0],[7,1,17,7,0,0,0,2]]},{"branches":[],"count":1,"filenames":["/Users/titienipaul/Desktop/Facultate/sem2/OOP/Lab2-4/service/manager.c"],"name":"actualizare_pret","regions":[[29,55,40,2,1,0,0,0],[30,1,37,7,0,0,0,2]]},{"branches":[],"count":1,"filenames":["/Users/titienipaul/Desktop/Facultate/sem2/OOP/Lab2-4/service/manager.c"],"name":"actualizare_cantitate","regions":[[42,60,53,2,1,0,0,0],[43,1,50,7,0,0,0,2]]},{"branches":[[65,17,65,27,4,1,0,0,4],[65,31,65,38,3,1,0,0,4],[66,12,66,47,1,2,0,0,4],[68,8,68,15,1,1,0,0,4],[69,25,69,35,1,1,0,0,4]],"count":2,"filenames":["/Users/titienipaul/Desktop/Facultate/sem2/OOP/Lab2-4/service/manager.c"],"name":"sterge_produs","regions":[[56,39,73,2,2,0,0,0],[57,1,63,7,0,0,0,2],[65,17,65,27,5,0,0,0],[65,17,65,38,5,0,0,0],[65,31,65,38,4,0,0,0],[65,39,65,42,3,0,0,0],[65,43,66,9,3,0,0,3],[66,9,67,18,3,0,0,0],[66,12,66,47,3,0,0,0],[66,48,67,13,1,0,0,3],[67,13,67,18,1,0,0,0],[68,8,68,15,2,0,0,0],[68,16,72,6,1,0,0,0],[69,25,69,35,2,0,0,0],[69,36,69,39,1,0,0,0],[69,40,70,13,1,0,0,3],[70,13,70,60,1,0,0,0]]},{"branches":[[85,17,85,29,4,2,0,0,4],[86,23,86,33,6,4,0,0,4],[87,16,87,25,3,3,0,0,4],[88,20,88,87,1,2,0,0,4],[95,20,95,87,3,0,0,0,4]],"count":2,"filenames":["/Users/titienipaul/Desktop/Facultate/sem2/OOP/Lab2-4/service/manager.c"],"name":"sortare_dupa_pret","regions":[[76,47,101,2,2,0,0,0],[77,1,84,7,0,0,0,2],[85,17,85,29,6,0,0,0],[85,30,85,33,4,0,0,0],[85,34,86,9,4,0,0,3],[86,9,100,14,4,0,0,0],[86,23,86,33,10,0,0,0],[86,34,86,37,6,0,0,0],[86,38,87,13,6,0,0,3],[87,13,100,14,6,0,0,0],[87,16,87,25,6,0,0,0],[87,26,93,14,3,0,0,0],[88,20,88,87,3,0,0,0],[88,88,92,18,1,0,0,0],[93,14,94,17,3,0,0,3],[94,17,100,14,3,0,0,0],[95,20,95,87,3,0,0,0],[95,88,99,18,3,0,0,0]]},{"branches":[[112,17,112,29,4,2,0,0,4],[113,23,113,33,6,4,0,0,4],[114,16,114,25,3,3,0,0,4],[115,20,115,97,1,2,0,0,4],[122,20,122,97,3,0,0,0,4]],"count":2,"filenames":["/Users/titienipaul/Desktop/Facultate/sem2/OOP/Lab2-4/service/manager.c"],"name":"sortare_dupa_cantitate","regions":[[103,52,128,2,2,0,0,0],[104,1,111,7,0,0,0,2],[112,17,112,29,6,0,0,0],[112,30,112,33,4,0,0,0],[112,34,113,9,4,0,0,3],[113,9,127,14,4,0,0,0],[113,23,113,33,10,0,0,0],[113,34,113,37,6,0,0,0],[113,38,114,13,6,0,0,3],[114,13,127,14,6,0,0,0],[114,16,114,25,6,0,0,0],[114,26,120,14,3,0,0,0],[115,20,115,97,3,0,0,0],[115,98,119,18,1,0,0,0],[120,14,121,17,3,0,0,3],[121,17,127,14,3,0,0,0],[122,20,122,97,3,0,0,0],[122,98,126,18,3,0,0,0]]},{"branches":[[140,17,140,27,6,2,0,0,4],[141,12,141,73,2,4,0,0,4]],"count":2,"filenames":["/Users/titienipaul/Desktop/Facultate/sem2/OOP/Lab2-4/service/manager.c"],"name":"filtrare_producator","regions":[[131,57,144,2,2,0,0,0],[132,1,138,7,0,0,0,2],[140,17,140,27,8,0,0,0],[140,28,140,31,6,0,0,0],[140,32,141,9,6,0,0,3],[141,9,142,57,6,0,0,0],[141,12,141,73,6,0,0,0],[141,74,142,13,2,0,0,3],[142,13,142,57,2,0,0,0]]},{"branches":[[155,17,155,27,6,2,0,0,4],[156,12,156,51,2,4,0,0,4]],"count":2,"filenames":["/Users/titienipaul/Desktop/Facultate/sem2/OOP/Lab2-4/service/manager.c"],"name":"filtrare_pret","regions":[[146,42,159,2,2,0,0,0],[147,1,153,7,0,0,0,2],[155,17,155,27,8,0,0,0],[155,28,155,31,6,0,0,0],[155,32,156,9,6,0,0,3],[156,9,157,57,6,0,0,0],[156,12,156,51,6,0,0,0],[156,52,157,13,2,0,0,3],[157,13,157,57,2,0,0,0]]},{"branches":[[170,17,170,27,6,2,0,0,4],[171,12,171,61,2,4,0,0,4]],"count":2,"filenames":["/Users/titienipaul/Desktop/Facultate/sem2/OOP/Lab2-4/service/manager.c"],"name":"filtrare_cantitate","regions":[[161,52,174,2,2,0,0,0],[162,1,168,7,0,0,0,2],[170,17,170,27,8,0,0,0],[170,28,170,31,6,0,0,0],[170,32,171,9,6,0,0,3],[171,9,172,57,6,0,0,0],[171,12,171,61,6,0,0,0],[171,62,172,13,2,0,0,3],[172,13,172,57,2,0,0,0]]},{"branches":[],"count":1,"filenames":["/Users/titienipaul/Desktop/Facultate/sem2/OOP/Lab2-4/teste/teste.c"],"name":"test_creare_produs","regions":[[8,26,16,2,1,0,0,0],[10,26,11,5,0,0,0,3],[11,45,12,5,0,0,0,3],[12,55,13,5,0,0,0,3],[13,43,14,5,0,0,0,3],[14,30,15,5,0,0,0,3]]},{"branches":[],"count":1,"filenames":["/Users/titienipaul/Desktop/Facultate/sem2/OOP/Lab2-4/teste/teste.c"],"name":"test_get_set","regions":[[18,20,31,2,1,0,0,0],[20,26,21,5,0,0,0,3],[21,45,22,5,0,0,0,3],[22,55,23,5,0,0,0,3],[23,43,24,5,0,0,0,3],[24,30,25,5,0,0,0,3],[25,33,26,5,0,0,0,3],[27,33,28,5,0,0,0,3],[28,30,29,5,0,0,0,3]]},{"branches":[],"count":1,"filenames":["/Users/titienipaul/Desktop/Facultate/sem2/OOP/Lab2-4/teste/teste.c"],"name":"test_actualizare_pret","regions":[[33,29,40,2,1,0,0,0],[37,46,38,5,0,0,0,3]]},{"branches":[],"count":1,"filenames":["/Users/titienipaul/Desktop/Facultate/sem2/OOP/Lab2-4/teste/teste.c"],"name":"test_actualizare_cantitate","regions":[[42,34,49,2,1,0,0,0],[46,50,47,5,0,0,0,3]]},{"branches":[],"count":1,"filenames":["/Users/titienipaul/Desktop/Facultate/sem2/OOP/Lab2-4/teste/teste.c"],"name":"test_sterge_produs","regions":[[51,26,63,2,1,0,0,0],[57,20,58,5,0,0,0,3],[59,20,60,5,0,0,0,3],[61,20,62,5,0,0,0,3]]},{"branches":[],"count":1,"filenames":["/Users/titienipaul/Desktop/Facultate/sem2/OOP/Lab2-4/teste/teste.c"],"name":"test_sortare_dupa_pret","regions":[[65,30,82,2,1,0,0,0],[73,20,74,5,0,0,0,3],[75,43,76,5,0,0,0,3],[76,43,77,5,0,0,0,3],[77,43,78,5,0,0,0,3],[79,43,80,5,0,0,0,3],[80,43,81,5,0,0,0,3]]},{"branches":[],"count":1,"filenames":["/Users/titienipaul/Desktop/Facultate/sem2/OOP/Lab2-4/teste/teste.c"],"name":"test_sortare_dupa_cantiate","regions":[[84,34,101,2,1,0,0,0],[92,20,93,5,0,0,0,3],[94,43,95,5,0,0,0,3],[95,43,96,5,0,0,0,3],[96,43,97,5,0,0,0,3],[98,43,99,5,0,0,0,3],[99,43,100,5,0,0,0,3]]},{"branches":[],"count":1,"filenames":["/Users/titienipaul/Desktop/Facultate/sem2/OOP/Lab2-4/teste/teste.c"],"name":"test_filtrare_producator","regions":[[103,32,117,2,1,0,0,0],[111,20,112,5,0,0,0,3],[113,46,114,5,0,0,0,3],[114,46,115,5,0,0,0,3]]},{"branches":[],"count":1,"filenames":["/Users/titienipaul/Desktop/Facultate/sem2/OOP/Lab2-4/teste/teste.c"],"name":"test_filtrare_pret","regions":[[119,26,133,2,1,0,0,0],[127,20,128,5,0,0,0,3],[129,46,130,5,0,0,0,3],[130,46,131,5,0,0,0,3]]},{"branches":[],"count":1,"filenames":["/Users/titienipaul/Desktop/Facultate/sem2/OOP/Lab2-4/teste/teste.c"],"name":"test_filtrare_cantitate","regions":[[135,31,149,2,1,0,0,0],[143,20,144,5,0,0,0,3],[145,46,146,5,0,0,0,3],[146,46,147,5,0,0,0,3]]},{"branches":[],"count":1,"filenames":["/Users/titienipaul/Desktop/Facultate/sem2/OOP/Lab2-4/teste/teste.c"],"name":"test_creare_lista","regions":[[152,25,155,2,1,0,0,0]]},{"branches":[],"count":1,"filenames":["/Users/titienipaul/Desktop/Facultate/sem2/OOP/Lab2-4/teste/teste.c"],"name":"test_adaugare_produs","regions":[[157,28,173,2,1,0,0,0],[162,23,163,5,0,0,0,3],[164,23,165,5,0,0,0,3],[165,53,166,5,0,0,0,3],[167,23,168,5,0,0,0,3],[169,23,170,5,0,0,0,3],[170,46,171,5,0,0,0,3],[171,53,172,5,0,0,0,3]]},{"branches":[],"count":1,"filenames":["/Users/titienipaul/Desktop/Facultate/sem2/OOP/Lab2-4/teste/teste.c"],"name":"test_find","regions":[[175,17,187,2,1,0,0,0],[182,31,183,5,0,0,0,3],[183,38,184,5,0,0,0,3],[184,35,185,5,0,0,0,3]]},{"branches":[],"count":1,"filenames":["/Users/titienipaul/Desktop/Facultate/sem2/OOP/Lab2-4/teste/teste.c"],"name":"test_validare_id","regions":[[191,24,196,2,1,0,0,0],[193,31,194,5,0,0,0,3]]},{"branches":[],"count":1,"filenames":["/Users/titienipaul/Desktop/Facultate/sem2/OOP/Lab2-4/teste/teste.c"],"name":"test_validare_tip","regions":[[198,25,203,2,1,0,0,0],[200,34,201,5,0,0,0,3]]},{"branches":[],"count":1,"filenames":["/Users/titienipaul/Desktop/Facultate/sem2/OOP/Lab2-4/teste/teste.c"],"name":"test_validare_producator","regions":[[205,32,210,2,1,0,0,0],[207,41,208,5,0,0,0,3]]},{"branches":[],"count":1,"filenames":["/Users/titienipaul/Desktop/Facultate/sem2/OOP/Lab2-4/teste/teste.c"],"name":"test_validare_pret","regions":[[212,26,217,2,1,0,0,0],[214,35,215,5,0,0,0,3]]},{"branches":[],"count":1,"filenames":["/Users/titienipaul/Desktop/Facultate/sem2/OOP/Lab2-4/teste/teste.c"],"name":"test_validare_cantitate","regions":[[219,31,224,2,1,0,0,0],[221,45,222,5,0,0,0,3]]},{"branches":[],"count":1,"filenames":["/Users/titienipaul/Desktop/Facultate/sem2/OOP/Lab2-4/teste/teste.c"],"name":"run_teste","regions":[[227,17,249,2,1,0,0,0],[228,1,228,20,0,0,0,2],[239,1,239,17,0,0,0,2],[243,1,243,21,0,0,0,2]]},{"branches":[],"count":0,"filenames":["/Users/titienipaul/Desktop/Facultate/sem2/OOP/Lab2-4/ui/ui.c"],"name":"print_m","regions":[[6,15,14,2,0,0,0,0]]},{"branches":[[17,8,17,18,0,0,0,0,4],[20,21,20,30,0,0,0,0,4]],"count":0,"filenames":["/Users/titienipaul/Desktop/Facultate/sem2/OOP/Lab2-4/ui/ui.c"],"name":"afisare_produse","regions":[[16,33,30,2,0,0,0,0],[17,8,17,18,0,0,0,0],[17,19,18,9,0,0,0,3],[18,9,18,38,0,0,0,0],[18,39,19,9,0,0,0,3],[19,9,29,6,0,0,0,0],[20,21,20,30,0,0,0,0],[20,31,20,34,0,0,0,0],[20,35,28,10,0,0,0,0]]},{"branches":[[35,11,35,15,0,0,0,0,4],[38,12,38,27,0,0,0,0,4],[46,11,46,15,0,0,0,0,4],[49,12,49,29,0,0,0,0,4],[57,11,57,15,0,0,0,0,4],[60,12,60,43,0,0,0,0,4],[71,11,71,15,0,0,0,0,4],[74,12,74,31,0,0,0,0,4],[82,11,82,15,0,0,0,0,4],[85,12,85,41,0,0,0,0,4]],"count":0,"filenames":["/Users/titienipaul/Desktop/Facultate/sem2/OOP/Lab2-4/ui/ui.c"],"name":"adaugare_produs_ui","regions":[[32,37,93,2,0,0,0,0],[35,11,35,15,0,0,0,0],[35,16,42,6,0,0,0,0],[38,12,38,27,0,0,0,0],[38,28,39,13,0,0,0,3],[39,13,39,16,0,0,0,0],[39,17,41,13,0,0,0,3],[41,13,41,35,0,0,0,0],[43,1,43,1,0,0,0,2],[46,11,46,15,0,0,0,0],[46,16,53,6,0,0,0,0],[49,12,49,29,0,0,0,0],[49,30,50,13,0,0,0,3],[50,13,50,16,0,0,0,0],[50,17,52,13,0,0,0,3],[52,13,52,36,0,0,0,0],[54,1,54,1,0,0,0,2],[57,11,57,15,0,0,0,0],[57,16,64,6,0,0,0,0],[60,12,60,43,0,0,0,0],[60,44,61,13,0,0,0,3],[61,13,61,16,0,0,0,0],[61,17,63,13,0,0,0,3],[63,13,63,43,0,0,0,0],[68,1,68,1,0,0,0,2],[71,11,71,15,0,0,0,0],[71,16,78,6,0,0,0,0],[74,12,74,31,0,0,0,0],[74,32,75,13,0,0,0,3],[75,13,75,16,0,0,0,0],[75,17,77,13,0,0,0,3],[77,13,77,37,0,0,0,0],[79,1,79,1,0,0,0,2],[82,11,82,15,0,0,0,0],[82,16,89,6,0,0,0,0],[85,12,85,41,0,0,0,0],[85,42,86,13,0,0,0,3],[86,13,86,16,0,0,0,0],[86,17,88,13,0,0,0,3],[88,13,88,43,0,0,0,0],[90,1,90,1,0,0,0,2]]},{"branches":[[98,11,98,15,0,0,0,0,4],[101,12,101,27,0,0,0,0,4],[107,8,107,15,0,0,0,0,4],[114,12,114,18,0,0,0,0,4],[117,19,117,23,0,0,0,0,4],[120,20,120,43,0,0,0,0,4],[127,17,127,23,0,0,0,0,4],[130,19,130,23,0,0,0,0,4],[133,20,133,48,0,0,0,0,4],[140,17,140,23,0,0,0,0,4],[143,19,143,23,0,0,0,0,4],[146,20,146,43,0,0,0,0,4],[154,19,154,23,0,0,0,0,4],[157,20,157,48,0,0,0,0,4]],"count":0,"filenames":["/Users/titienipaul/Desktop/Facultate/sem2/OOP/Lab2-4/ui/ui.c"],"name":"actualizare_produs_ui","regions":[[95,40,171,2,0,0,0,0],[98,11,98,15,0,0,0,0],[98,16,105,6,0,0,0,0],[101,12,101,27,0,0,0,0],[101,28,102,13,0,0,0,3],[102,13,102,16,0,0,0,0],[102,17,104,13,0,0,0,3],[104,13,104,35,0,0,0,0],[107,8,107,15,0,0,0,0],[107,16,167,6,0,0,0,0],[114,12,114,18,0,0,0,0],[114,19,126,10,0,0,0,0],[117,19,117,23,0,0,0,0],[117,24,124,14,0,0,0,0],[120,20,120,43,0,0,0,0],[120,44,121,21,0,0,0,3],[121,21,121,24,0,0,0,0],[121,25,123,21,0,0,0,3],[123,21,123,45,0,0,0,0],[126,10,127,14,0,0,0,3],[127,14,166,10,0,0,0,0],[127,17,127,23,0,0,0,0],[127,24,139,10,0,0,0,0],[130,19,130,23,0,0,0,0],[130,24,137,14,0,0,0,0],[133,20,133,48,0,0,0,0],[133,49,134,21,0,0,0,3],[134,21,134,24,0,0,0,0],[134,25,136,21,0,0,0,3],[136,21,136,51,0,0,0,0],[139,10,140,14,0,0,0,3],[140,14,166,10,0,0,0,0],[140,17,140,23,0,0,0,0],[140,24,163,10,0,0,0,0],[143,19,143,23,0,0,0,0],[143,24,150,14,0,0,0,0],[146,20,146,43,0,0,0,0],[146,44,147,21,0,0,0,3],[147,21,147,24,0,0,0,0],[147,25,149,21,0,0,0,3],[149,21,149,45,0,0,0,0],[154,19,154,23,0,0,0,0],[154,24,161,14,0,0,0,0],[157,20,157,48,0,0,0,0],[157,49,158,21,0,0,0,3],[158,21,158,24,0,0,0,0],[158,25,160,21,0,0,0,3],[160,21,160,51,0,0,0,0],[163,10,164,13,0,0,0,3],[164,13,166,10,0,0,0,0],[167,6,169,9,0,0,0,3],[169,9,169,57,0,0,0,0],[170,1,170,1,0,0,0,2]]},{"branches":[[176,11,176,15,0,0,0,0,4],[179,12,179,27,0,0,0,0,4],[185,8,185,15,0,0,0,0,4]],"count":0,"filenames":["/Users/titienipaul/Desktop/Facultate/sem2/OOP/Lab2-4/ui/ui.c"],"name":"sterge_produs_ui","regions":[[173,35,191,2,0,0,0,0],[176,11,176,15,0,0,0,0],[176,16,183,6,0,0,0,0],[179,12,179,27,0,0,0,0],[179,28,180,13,0,0,0,3],[180,13,180,16,0,0,0,0],[180,17,182,13,0,0,0,3],[182,13,182,35,0,0,0,0],[185,8,185,15,0,0,0,0],[185,16,187,6,0,0,0,0],[187,6,188,9,0,0,0,3],[188,9,190,6,0,0,0,0]]},{"branches":[[194,8,194,18,0,0,0,0,4],[197,15,197,20,0,0,0,0,4],[202,16,202,22,0,0,0,0,4],[202,26,202,32,0,0,0,0,4],[209,15,209,20,0,0,0,0,4],[214,16,214,27,0,0,0,0,4],[216,21,216,32,0,0,0,0,4]],"count":0,"filenames":["/Users/titienipaul/Desktop/Facultate/sem2/OOP/Lab2-4/ui/ui.c"],"name":"sortare_ui","regions":[[193,29,224,2,0,0,0,0],[194,8,194,18,0,0,0,0],[194,19,221,6,0,0,0,0],[197,15,197,20,0,0,0,0],[197,21,206,10,0,0,0,0],[202,16,202,22,0,0,0,0],[202,16,202,32,0,0,0,0],[202,26,202,32,0,0,0,0],[202,33,203,17,0,0,0,3],[203,17,203,21,0,0,0,0],[203,22,205,17,0,0,0,3],[205,17,205,45,0,0,0,0],[209,15,209,20,0,0,0,0],[209,21,220,10,0,0,0,0],[214,16,214,27,0,0,0,0],[214,28,215,17,0,0,0,3],[215,17,215,72,0,0,0,0],[215,73,216,18,0,0,0,3],[216,18,219,45,0,0,0,0],[216,21,216,32,0,0,0,0],[216,33,217,17,0,0,0,3],[217,17,217,77,0,0,0,0],[217,78,219,17,0,0,0,3],[219,17,219,45,0,0,0,0],[221,6,223,9,0,0,0,3],[223,9,223,53,0,0,0,0]]},{"branches":[[227,8,227,18,0,0,0,0,4],[230,15,230,19,0,0,0,0,4],[236,16,236,27,0,0,0,0,4],[240,23,240,28,0,0,0,0,4],[243,24,243,55,0,0,0,0,4],[251,21,251,32,0,0,0,0,4],[255,23,255,28,0,0,0,0,4],[258,24,258,43,0,0,0,0,4],[266,21,266,32,0,0,0,0,4],[270,23,270,28,0,0,0,0,4],[273,24,273,53,0,0,0,0,4]],"count":0,"filenames":["/Users/titienipaul/Desktop/Facultate/sem2/OOP/Lab2-4/ui/ui.c"],"name":"filtrare_ui","regions":[[226,30,287,2,0,0,0,0],[227,8,227,18,0,0,0,0],[227,19,284,6,0,0,0,0],[230,15,230,19,0,0,0,0],[230,20,283,10,0,0,0,0],[236,16,236,27,0,0,0,0],[236,28,250,14,0,0,0,0],[240,23,240,28,0,0,0,0],[240,29,247,18,0,0,0,0],[243,24,243,55,0,0,0,0],[243,56,244,25,0,0,0,3],[244,25,244,29,0,0,0,0],[244,30,246,25,0,0,0,3],[246,25,246,55,0,0,0,0],[250,14,251,18,0,0,0,3],[251,18,282,45,0,0,0,0],[251,21,251,32,0,0,0,0],[251,33,265,14,0,0,0,0],[255,23,255,28,0,0,0,0],[255,29,262,18,0,0,0,0],[258,24,258,43,0,0,0,0],[258,44,259,25,0,0,0,3],[259,25,259,29,0,0,0,0],[259,30,261,25,0,0,0,3],[261,25,261,49,0,0,0,0],[265,14,266,18,0,0,0,3],[266,18,282,45,0,0,0,0],[266,21,266,32,0,0,0,0],[266,33,280,14,0,0,0,0],[270,23,270,28,0,0,0,0],[270,29,277,18,0,0,0,0],[273,24,273,53,0,0,0,0],[273,54,274,25,0,0,0,3],[274,25,274,29,0,0,0,0],[274,30,276,25,0,0,0,3],[276,25,276,49,0,0,0,0],[280,14,282,17,0,0,0,3],[282,17,282,45,0,0,0,0],[284,6,286,9,0,0,0,3],[286,9,286,53,0,0,0,0]]},{"branches":[[291,11,291,15,0,0,0,0,4],[298,13,298,21,0,0,0,0,4],[301,13,301,21,0,0,0,0,4],[304,13,304,21,0,0,0,0,4],[307,13,307,21,0,0,0,0,4],[310,13,310,21,0,0,0,0,4],[313,13,313,21,0,0,0,0,4],[316,13,316,21,0,0,0,0,4],[319,13,319,20,0,0,0,0,4]],"count":0,"filenames":["/Users/titienipaul/Desktop/Facultate/sem2/OOP/Lab2-4/ui/ui.c"],"name":"start_program","regions":[[289,31,324,2,0,0,0,0],[291,11,291,15,0,0,0,0],[291,16,323,6,0,0,0,0],[297,9,321,22,0,0,0,3],[298,13,300,22,0,0,0,0],[300,23,301,13,0,0,0,3],[301,13,303,22,0,0,0,0],[303,23,304,13,0,0,0,3],[304,13,306,22,0,0,0,0],[306,23,307,13,0,0,0,3],[307,13,309,22,0,0,0,0],[309,23,310,13,0,0,0,3],[310,13,312,22,0,0,0,0],[312,23,313,13,0,0,0,3],[313,13,315,22,0,0,0,0],[315,23,316,13,0,0,0,3],[316,13,318,22,0,0,0,0],[318,23,319,13,0,0,0,3],[319,13,321,22,0,0,0,0]]},{"branches":[[9,8,9,12,1,1,0,0,4]],"count":2,"filenames":["/Users/titienipaul/Desktop/Facultate/sem2/OOP/Lab2-4/validari/validator.c"],"name":"validare_id","regions":[[3,24,12,2,2,0,0,0],[4,1,8,7,0,0,0,2],[9,8,9,12,2,0,0,0],[9,13,10,9,1,0,0,3],[10,9,10,17,1,0,0,0],[10,18,11,5,1,0,0,3],[11,5,11,13,1,0,0,0]]},{"branches":[[20,8,20,32,0,2,0,0,4],[20,36,20,59,0,2,0,0,4],[20,63,20,88,0,2,0,0,4],[20,92,20,118,0,2,0,0,4],[20,122,20,146,1,1,0,0,4]],"count":2,"filenames":["/Users/titienipaul/Desktop/Facultate/sem2/OOP/Lab2-4/validari/validator.c"],"name":"validare_tip","regions":[[14,29,23,2,2,0,0,0],[15,1,19,7,0,0,0,2],[20,8,20,32,2,0,0,0],[20,8,20,59,2,0,0,0],[20,8,20,88,2,0,0,0],[20,8,20,118,2,0,0,0],[20,8,20,146,2,0,0,0],[20,36,20,59,2,0,0,0],[20,63,20,88,2,0,0,0],[20,92,20,118,2,0,0,0],[20,122,20,146,2,0,0,0],[20,147,21,9,1,0,0,3],[21,9,21,17,1,0,0,0],[21,18,22,5,1,0,0,3],[22,5,22,13,1,0,0,0]]},{"branches":[[31,8,31,36,0,2,0,0,4],[31,40,31,69,1,1,0,0,4],[31,73,31,101,0,1,0,0,4],[31,105,31,131,0,1,0,0,4]],"count":2,"filenames":["/Users/titienipaul/Desktop/Facultate/sem2/OOP/Lab2-4/validari/validator.c"],"name":"validare_producator","regions":[[25,43,34,2,2,0,0,0],[26,1,30,7,0,0,0,2],[31,8,31,36,2,0,0,0],[31,8,31,69,2,0,0,0],[31,8,31,101,2,0,0,0],[31,8,31,131,2,0,0,0],[31,40,31,69,2,0,0,0],[31,73,31,101,1,0,0,0],[31,105,31,131,1,0,0,0],[31,132,32,9,1,0,0,3],[32,9,32,17,1,0,0,0],[32,18,33,5,1,0,0,3],[33,5,33,13,1,0,0,0]]},{"branches":[[42,8,42,15,1,1,0,0,4]],"count":2,"filenames":["/Users/titienipaul/Desktop/Facultate/sem2/OOP/Lab2-4/validari/validator.c"],"name":"validare_pret","regions":[[36,28,45,2,2,0,0,0],[37,1,41,7,0,0,0,2],[42,8,42,15,2,0,0,0],[42,16,43,9,1,0,0,3],[43,9,43,17,1,0,0,0],[43,18,44,5,1,0,0,3],[44,5,44,13,1,0,0,0]]},{"branches":[[53,8,53,20,1,1,0,0,4]],"count":2,"filenames":["/Users/titienipaul/Desktop/Facultate/sem2/OOP/Lab2-4/validari/validator.c"],"name":"validare_cantitate","regions":[[47,39,56,2,2,0,0,0],[48,1,52,7,0,0,0,2],[53,8,53,20,2,0,0,0],[53,21,54,9,1,0,0,3],[54,9,54,17,1,0,0,0],[54,18,55,5,1,0,0,3],[55,5,55,13,1,0,0,0]]}],"totals":{"branches":{"count":184,"covered":63,"notcovered":121,"percent":34.239130434782609},"functions":{"count":53,"covered":45,"percent":84.905660377358487},"instantiations":{"count":53,"covered":45,"percent":84.905660377358487},"lines":{"count":688,"covered":326,"percent":47.383720930232556},"regions":{"count":277,"covered":135,"notcovered":142,"percent":48.736462093862812}}}],"type":"llvm.coverage.json.export","version":"2.0.1"}