{
	"bmi-installation" : null,
	"compiler-frontend-variant" : "GNU",
	"compiler-id" : "GNU",
	"compiler-simulate-id" : "",
	"config" : "Debug",
	"cxx-modules" : {},
	"database-info" : null,
	"dir-cur-bld" : "/Users/titienipaul/Desktop/GitHub/Faculty/Semester5/LFTC/tema6/cmake-build-debug",
	"dir-cur-src" : "/Users/titienipaul/Desktop/GitHub/Faculty/Semester5/LFTC/tema6",
	"dir-top-bld" : "/Users/titienipaul/Desktop/GitHub/Faculty/Semester5/LFTC/tema6/cmake-build-debug",
	"dir-top-src" : "/Users/titienipaul/Desktop/GitHub/Faculty/Semester5/LFTC/tema6",
	"exports" : [],
	"forward-modules-from-target-dirs" : [],
	"include-dirs" : [],
	"language" : "CXX",
	"linked-target-dirs" : [],
	"module-dir" : "/Users/titienipaul/Desktop/GitHub/Faculty/Semester5/LFTC/tema6/cmake-build-debug/CMakeFiles/tema6.dir",
	"sources" : 
	{
		"CMakeFiles/tema6.dir/main.cpp.o" : 
		{
			"language" : "CXX",
			"source" : "/Users/titienipaul/Desktop/GitHub/Faculty/Semester5/LFTC/tema6/main.cpp"
		}
	}
}