{"data":[{"files":[{"branches":[],"expansions":[],"filename":"/Users/titienipaul/Library/Mobile Documents/com~apple~CloudDocs/lab_2-4Dinamic/domain/oferte.c","segments":[[7,1,83,true,true,false],[9,2,0,false,false,false],[12,1,37,true,true,false],[14,2,0,false,false,false],[17,1,66,true,true,false],[19,2,0,false,false,false],[21,35,39,true,true,false],[25,2,0,false,false,false],[27,39,47,true,true,false],[31,2,0,false,false,false],[33,35,133,true,true,false],[36,2,0,false,false,false],[38,29,79,true,true,false],[40,2,0,false,false,false],[42,40,74,true,true,false],[43,1,0,false,true,false],[43,25,74,true,false,false],[45,2,0,false,false,false],[47,54,74,true,true,false],[48,1,0,false,true,false],[48,39,74,true,false,false],[50,2,0,false,false,false],[52,42,74,true,true,false],[53,1,0,false,true,false],[53,27,74,true,false,false],[55,2,0,false,false,false],[57,40,74,true,true,false],[59,2,0,false,false,false],[62,1,72,true,true,false],[72,2,0,false,false,false],[74,36,72,true,true,false],[79,2,0,false,false,false]],"summary":{"branches":{"count":0,"covered":0,"notcovered":0,"percent":0},"functions":{"count":13,"covered":13,"percent":100},"instantiations":{"count":13,"covered":13,"percent":100},"lines":{"count":55,"covered":55,"percent":100},"regions":{"count":13,"covered":13,"notcovered":0,"percent":100}}},{"branches":[[27,21,27,33,26,26,0,0,4],[43,17,43,26,48,27,0,0,4],[62,21,62,33,26,14,0,0,4],[74,9,74,24,17,5,0,0,4],[85,8,85,25,2,2,0,0,4],[91,8,91,19,6,28,0,0,4],[99,17,99,25,10,6,0,0,4],[101,12,101,44,3,7,0,0,4],[122,25,122,39,1,2,0,0,4],[151,11,151,28,1,22,0,0,4],[154,17,154,26,19,22,0,0,4]],"expansions":[],"filename":"/Users/titienipaul/Library/Mobile Documents/com~apple~CloudDocs/lab_2-4Dinamic/list/lista.c","segments":[[10,38,53,true,true,false],[17,2,0,false,false,false],[19,21,9,true,true,false],[24,2,0,false,false,false],[26,39,26,true,true,false],[27,21,52,true,true,false],[27,33,26,true,false,false],[27,35,26,true,true,false],[27,38,26,true,false,false],[27,39,26,true,true,false],[29,6,26,true,false,false],[32,2,0,false,false,false],[42,36,27,true,true,false],[43,17,75,true,true,false],[43,26,27,true,false,false],[43,27,48,true,true,false],[43,30,27,true,false,false],[43,31,48,true,false,true],[44,9,48,true,true,false],[44,39,27,true,false,false],[47,2,0,false,false,false],[54,31,9,true,true,false],[57,2,0,false,false,false],[60,45,14,true,true,false],[62,21,40,true,true,false],[62,33,14,true,false,false],[62,35,26,true,true,false],[62,38,14,true,false,false],[62,39,26,true,true,false],[64,6,14,true,false,false],[68,2,0,false,false,false],[70,49,22,true,true,false],[71,1,0,false,true,false],[73,25,22,true,false,false],[74,9,22,true,true,false],[74,24,22,true,false,false],[74,25,17,true,false,true],[75,9,17,true,true,false],[75,33,22,true,false,false],[75,34,5,true,false,true],[76,9,5,true,true,false],[79,6,22,true,false,false],[82,2,0,false,false,false],[84,60,4,true,true,false],[85,8,4,true,true,false],[85,25,4,true,false,false],[85,26,2,true,false,true],[86,9,2,true,true,false],[86,34,4,true,false,false],[88,2,0,false,false,false],[90,33,34,true,true,false],[91,8,34,true,true,false],[91,19,34,true,false,false],[91,20,6,true,false,true],[92,9,6,true,true,false],[92,31,34,true,false,false],[94,2,0,false,false,false],[96,49,6,true,true,false],[99,17,16,true,true,false],[99,25,6,true,false,false],[99,27,10,true,true,false],[99,30,6,true,false,false],[99,31,10,true,false,true],[100,5,10,true,true,false],[101,12,10,true,true,false],[101,44,10,true,false,false],[101,45,3,true,false,true],[102,13,3,true,true,false],[102,22,10,true,false,false],[103,6,6,true,false,false],[105,2,0,false,false,false],[119,42,2,true,true,false],[120,1,0,false,true,false],[120,1,2,true,false,false],[122,25,3,true,true,false],[122,39,2,true,false,false],[122,41,1,true,true,false],[122,44,2,true,false,false],[122,45,1,true,false,true],[123,9,1,true,true,false],[123,38,2,true,false,false],[126,2,0,false,false,false],[140,65,2,true,true,false],[147,2,0,false,false,false],[149,43,22,true,true,false],[151,11,23,true,true,false],[151,28,22,true,false,false],[151,29,1,true,false,true],[152,9,1,true,true,false],[152,34,22,true,false,false],[154,17,41,true,true,false],[154,26,22,true,false,false],[154,27,19,true,true,false],[154,30,22,true,false,false],[154,31,19,true,false,true],[155,9,19,true,true,false],[155,54,22,true,false,false],[157,2,0,false,false,false]],"summary":{"branches":{"count":22,"covered":22,"notcovered":0,"percent":100},"functions":{"count":13,"covered":13,"percent":100},"instantiations":{"count":13,"covered":13,"percent":100},"lines":{"count":94,"covered":94,"percent":100},"regions":{"count":42,"covered":42,"notcovered":0,"percent":100}}},{"branches":[],"expansions":[],"filename":"/Users/titienipaul/Library/Mobile Documents/com~apple~CloudDocs/lab_2-4Dinamic/main.c","segments":[[19,11,1,true,true,false],[21,1,0,false,true,false],[21,13,1,true,false,false],[23,2,0,false,false,false]],"summary":{"branches":{"count":0,"covered":0,"notcovered":0,"percent":0},"functions":{"count":1,"covered":1,"percent":100},"instantiations":{"count":1,"covered":1,"percent":100},"lines":{"count":4,"covered":4,"percent":100},"regions":{"count":1,"covered":1,"notcovered":0,"percent":100}}},{"branches":[[12,9,12,33,1,13,0,0,4],[22,9,22,16,0,2,0,0,4],[22,20,22,40,1,1,0,0,4],[31,9,31,16,0,4,0,0,4],[31,20,31,40,1,3,0,0,4],[31,44,31,85,1,2,0,0,4],[31,89,31,113,1,1,0,0,4],[92,12,92,19,12,4,0,0,4],[94,25,94,47,24,12,0,0,4],[95,17,95,28,12,12,0,0,4],[96,21,96,73,6,6,0,0,4],[104,21,104,72,6,6,0,0,4],[116,12,116,19,11,4,0,0,4],[118,25,118,47,22,11,0,0,4],[119,17,119,28,12,10,0,0,4],[120,21,120,76,4,8,0,0,4],[126,25,126,80,4,4,0,0,4],[127,24,127,79,2,2,0,0,4],[136,21,136,76,3,7,0,0,4],[142,25,142,80,5,2,0,0,4],[143,24,143,79,1,4,0,0,4],[157,17,157,35,6,2,0,0,4],[158,13,158,23,3,3,0,0,4],[159,17,159,63,1,2,0,0,4],[164,17,164,63,2,1,0,0,4],[175,21,175,39,3,1,0,0,4],[176,13,176,58,1,2,0,0,4],[186,21,186,39,3,1,0,0,4],[187,13,187,60,1,2,0,0,4],[201,9,201,31,9,11,0,0,4],[201,35,201,57,4,5,0,0,4],[201,61,201,83,3,1,0,0,4],[208,9,208,27,2,22,0,0,4],[210,9,210,23,1,23,0,0,4],[210,27,210,41,0,23,0,0,4],[212,9,212,37,1,23,0,0,4],[214,9,214,38,1,23,0,0,4],[214,42,214,68,1,0,0,0,4],[216,9,216,31,16,8,0,0,4],[217,13,217,39,1,15,0,0,4],[221,13,221,39,2,6,0,0,4]],"expansions":[],"filename":"/Users/titienipaul/Library/Mobile Documents/com~apple~CloudDocs/lab_2-4Dinamic/service/service.c","segments":[[10,92,14,true,true,false],[12,9,14,true,true,false],[12,33,14,true,false,false],[12,34,1,true,true,false],[15,6,13,true,false,true],[16,5,13,true,true,false],[18,13,14,true,false,false],[19,2,0,false,false,false],[21,48,2,true,true,false],[22,9,2,true,true,false],[22,16,2,true,false,false],[22,20,2,true,true,false],[22,40,2,true,false,false],[22,41,1,true,false,true],[23,9,1,true,true,false],[23,18,2,true,false,false],[23,19,1,true,false,true],[24,5,1,true,true,false],[26,13,2,true,false,false],[27,2,0,false,false,false],[29,105,4,true,true,false],[31,9,4,true,true,false],[31,16,4,true,false,false],[31,20,4,true,true,false],[31,40,4,true,false,false],[31,44,3,true,true,false],[31,85,4,true,false,false],[31,89,2,true,true,false],[31,113,4,true,false,false],[31,114,3,true,false,true],[31,115,3,true,true,false],[34,6,1,true,false,true],[35,5,1,true,true,false],[38,13,4,true,false,false],[39,2,0,false,false,false],[90,75,4,true,true,false],[92,12,16,true,true,false],[92,19,4,true,false,false],[92,20,12,true,false,true],[92,21,12,true,true,false],[94,25,36,true,true,false],[94,47,12,true,false,false],[94,49,24,true,true,false],[94,52,12,true,false,false],[94,53,24,true,false,true],[95,13,24,true,true,false],[95,17,24,true,true,false],[95,28,24,true,false,false],[95,29,12,true,false,true],[95,30,12,true,true,false],[96,21,12,true,true,false],[96,73,12,true,false,false],[96,74,6,true,true,false],[101,18,12,true,false,false],[103,18,12,true,true,false],[104,21,12,true,true,false],[104,72,12,true,false,false],[104,73,6,true,true,false],[109,18,12,true,false,false],[111,6,4,true,false,false],[112,2,0,false,false,false],[114,103,4,true,true,false],[116,12,15,true,true,false],[116,19,4,true,false,false],[116,20,11,true,false,true],[116,21,11,true,true,false],[118,25,33,true,true,false],[118,47,11,true,false,false],[118,49,22,true,true,false],[118,52,11,true,false,false],[118,53,22,true,false,true],[119,13,22,true,true,false],[119,17,22,true,true,false],[119,28,22,true,false,false],[119,29,12,true,false,true],[119,30,12,true,true,false],[120,21,12,true,true,false],[120,76,12,true,false,false],[120,77,4,true,true,false],[125,18,8,true,false,true],[126,22,8,true,true,false],[126,25,8,true,true,false],[126,80,8,true,false,false],[126,81,4,true,true,false],[127,24,4,true,true,false],[127,79,4,true,false,false],[127,80,2,true,false,true],[127,81,2,true,true,false],[132,22,4,true,false,false],[133,18,12,true,false,false],[134,14,10,true,false,true],[135,18,10,true,true,false],[136,21,10,true,true,false],[136,76,10,true,false,false],[136,77,3,true,true,false],[141,18,7,true,false,true],[142,22,7,true,true,false],[142,25,7,true,true,false],[142,80,7,true,false,false],[142,81,5,true,true,false],[143,24,5,true,true,false],[143,79,5,true,false,false],[143,80,1,true,false,true],[143,81,1,true,true,false],[148,22,5,true,false,false],[149,18,10,true,false,false],[150,14,11,true,false,false],[151,6,4,true,false,false],[152,2,0,false,false,false],[154,66,2,true,true,false],[157,17,8,true,true,false],[157,35,2,true,false,false],[157,37,6,true,true,false],[157,40,2,true,false,false],[157,41,6,true,false,true],[157,42,6,true,true,false],[158,13,6,true,true,false],[158,23,6,true,false,false],[158,24,3,true,false,true],[158,25,3,true,true,false],[159,17,3,true,true,false],[159,63,3,true,false,false],[159,64,1,true,false,true],[159,65,1,true,true,false],[162,14,3,true,false,false],[163,16,3,true,true,false],[164,17,3,true,true,false],[164,63,3,true,false,false],[164,64,2,true,false,true],[164,65,2,true,true,false],[167,14,3,true,false,false],[168,10,6,true,false,false],[169,6,2,true,false,false],[171,2,0,false,false,false],[173,50,1,true,true,false],[175,21,4,true,true,false],[175,39,1,true,false,false],[175,41,3,true,true,false],[175,44,1,true,false,false],[175,45,3,true,true,false],[176,13,3,true,true,false],[176,58,3,true,false,false],[176,59,1,true,false,true],[176,60,1,true,true,false],[179,10,3,true,false,false],[180,6,1,true,false,false],[182,2,0,false,false,false],[184,52,1,true,true,false],[186,21,4,true,true,false],[186,39,1,true,false,false],[186,41,3,true,true,false],[186,44,1,true,false,false],[186,45,3,true,false,true],[186,46,3,true,true,false],[187,13,3,true,true,false],[187,60,3,true,false,false],[187,61,1,true,false,true],[187,62,1,true,true,false],[190,10,3,true,false,false],[191,6,1,true,false,false],[193,2,0,false,false,false],[195,28,20,true,true,false],[201,9,20,true,true,false],[201,31,20,true,false,false],[201,35,9,true,true,false],[201,57,20,true,false,false],[201,61,4,true,true,false],[201,83,20,true,false,false],[201,84,3,true,false,true],[202,9,3,true,true,false],[202,18,20,true,false,false],[204,2,0,false,false,false],[206,30,24,true,true,false],[208,9,24,true,true,false],[208,27,24,true,false,false],[208,28,2,true,false,true],[209,9,2,true,true,false],[209,18,24,true,false,false],[210,9,24,true,true,false],[210,23,24,true,false,false],[210,27,23,true,true,false],[210,41,24,true,false,false],[210,42,1,true,false,true],[211,9,1,true,true,false],[211,18,24,true,false,false],[212,9,24,true,true,false],[212,37,24,true,false,false],[212,38,1,true,false,true],[213,9,1,true,true,false],[213,18,24,true,false,false],[214,9,24,true,true,false],[214,38,24,true,false,false],[214,42,1,true,true,false],[214,68,24,true,false,false],[214,69,1,true,false,true],[215,9,1,true,true,false],[215,18,24,true,false,false],[216,9,24,true,true,false],[216,31,24,true,false,false],[216,32,16,true,true,false],[217,13,16,true,true,false],[217,39,16,true,false,false],[217,40,1,true,false,true],[218,13,1,true,true,false],[218,22,16,true,false,false],[219,6,8,true,false,true],[220,9,8,true,true,false],[221,13,8,true,true,false],[221,39,8,true,false,false],[221,40,2,true,false,true],[222,13,2,true,true,false],[222,22,8,true,false,false],[223,6,24,true,false,false],[225,2,0,false,false,false],[227,27,2,true,true,false],[229,2,0,false,false,false],[231,34,17,true,true,false],[233,2,0,false,false,false],[235,25,3,true,true,false],[241,2,0,false,false,false]],"summary":{"branches":{"count":82,"covered":78,"notcovered":4,"percent":95.121951219512198},"functions":{"count":13,"covered":13,"percent":100},"instantiations":{"count":13,"covered":13,"percent":100},"lines":{"count":171,"covered":171,"percent":100},"regions":{"count":109,"covered":109,"notcovered":0,"percent":100}}},{"branches":[],"expansions":[],"filename":"/Users/titienipaul/Library/Mobile Documents/com~apple~CloudDocs/lab_2-4Dinamic/teste/teste.c","segments":[[12,19,1,true,true,false],[14,37,1,true,false,true],[15,11,1,true,true,false],[15,52,1,true,false,true],[16,5,1,true,true,false],[17,60,1,true,false,true],[18,11,1,true,true,false],[18,64,1,true,false,true],[19,11,1,true,true,false],[19,62,1,true,false,true],[20,5,1,true,true,false],[21,2,0,false,false,false],[23,23,1,true,true,false],[25,27,1,true,false,true],[26,5,1,true,true,false],[28,26,1,true,false,true],[29,5,1,true,true,false],[30,2,0,false,false,false],[32,27,1,true,true,false],[34,27,1,true,false,true],[35,5,1,true,true,false],[41,27,1,true,false,true],[42,11,1,true,true,false],[42,26,1,true,false,true],[43,5,1,true,true,false],[44,2,0,false,false,false],[46,22,1,true,true,false],[58,45,1,true,false,true],[59,5,1,true,true,false],[61,2,0,false,false,false],[63,23,1,true,true,false],[66,37,1,true,false,true],[67,5,1,true,true,false],[69,38,1,true,false,true],[70,5,1,true,true,false],[72,37,1,true,false,true],[73,11,1,true,true,false],[73,38,1,true,false,true],[74,5,1,true,true,false],[76,37,1,true,false,true],[77,11,1,true,true,false],[78,2,0,false,false,false],[80,18,1,true,true,false],[88,48,1,true,false,true],[89,11,1,true,true,false],[89,48,1,true,false,true],[90,11,1,true,true,false],[90,49,1,true,false,true],[91,5,1,true,true,false],[93,2,0,false,false,false],[95,21,1,true,true,false],[97,26,1,true,false,true],[98,5,1,true,true,false],[100,26,1,true,false,true],[101,11,1,true,true,false],[101,55,1,true,false,true],[102,11,1,true,true,false],[102,47,1,true,false,true],[103,5,1,true,true,false],[104,2,0,false,false,false],[106,16,1,true,true,false],[110,1,0,false,true,false],[110,1,1,true,false,false],[113,11,1,true,true,false],[113,56,1,true,false,true],[114,11,1,true,true,false],[114,48,1,true,false,true],[115,1,0,false,true,false],[115,1,1,true,false,true],[116,5,1,true,true,false],[117,26,1,true,false,true],[118,1,0,false,true,false],[118,1,1,true,false,true],[119,5,1,true,true,false],[120,2,0,false,false,false],[122,21,1,true,true,false],[128,26,1,true,false,true],[129,5,1,true,true,false],[132,26,1,true,false,true],[133,11,1,true,true,false],[133,47,1,true,false,true],[134,11,1,true,true,false],[134,60,1,true,false,true],[135,5,1,true,true,false],[136,1,0,false,true,false],[136,1,1,true,false,false],[137,2,0,false,false,false],[139,23,1,true,true,false],[145,26,1,true,false,true],[146,5,1,true,true,false],[148,47,1,true,false,true],[149,11,1,true,true,false],[149,61,1,true,false,true],[150,11,1,true,true,false],[150,26,1,true,false,true],[151,5,1,true,true,false],[153,2,0,false,false,false],[155,20,1,true,true,false],[163,32,1,true,false,true],[164,5,1,true,true,false],[165,53,1,true,false,true],[166,11,1,true,true,false],[166,53,1,true,false,true],[167,11,1,true,true,false],[167,53,1,true,false,true],[168,5,1,true,true,false],[169,53,1,true,false,true],[170,11,1,true,true,false],[170,53,1,true,false,true],[171,11,1,true,true,false],[171,53,1,true,false,true],[172,5,1,true,true,false],[173,53,1,true,false,true],[174,11,1,true,true,false],[174,65,1,true,false,true],[175,5,1,true,true,false],[176,53,1,true,false,true],[177,11,1,true,true,false],[177,53,1,true,false,true],[178,11,1,true,true,false],[178,68,1,true,false,true],[179,11,1,true,true,false],[179,68,1,true,false,true],[180,5,1,true,true,false],[181,2,0,false,false,false],[183,21,1,true,true,false],[191,32,1,true,false,true],[192,5,1,true,true,false],[193,53,1,true,false,true],[194,11,1,true,true,false],[194,53,1,true,false,true],[195,11,1,true,true,false],[195,53,1,true,false,true],[196,11,1,true,true,false],[196,71,1,true,false,true],[197,1,0,false,true,false],[197,1,1,true,false,true],[198,5,1,true,true,false],[199,53,1,true,false,true],[200,11,1,true,true,false],[200,53,1,true,false,true],[201,11,1,true,true,false],[201,53,1,true,false,true],[202,11,1,true,true,false],[202,71,1,true,false,true],[203,1,0,false,true,false],[203,1,1,true,false,true],[204,5,1,true,true,false],[205,53,1,true,false,true],[206,11,1,true,true,false],[206,71,1,true,false,true],[207,1,0,false,true,false],[207,1,1,true,false,true],[208,5,1,true,true,false],[209,53,1,true,false,true],[210,11,1,true,true,false],[210,53,1,true,false,true],[211,11,1,true,true,false],[211,68,1,true,false,true],[212,11,1,true,true,false],[212,68,1,true,false,true],[213,5,1,true,true,false],[214,2,0,false,false,false],[216,21,1,true,true,false],[226,41,1,true,false,true],[227,11,1,true,true,false],[227,106,1,true,false,true],[228,5,1,true,true,false],[229,39,1,true,false,true],[230,11,1,true,true,false],[230,69,1,true,false,true],[231,5,1,true,true,false],[232,40,1,true,false,true],[233,11,1,true,true,false],[233,70,1,true,false,true],[234,11,1,true,true,false],[234,41,1,true,false,true],[235,11,1,true,true,false],[235,62,1,true,false,true],[236,5,1,true,true,false],[241,2,0,false,false,false],[243,26,1,true,true,false],[245,31,1,true,false,true],[246,5,1,true,true,false],[248,2,0,false,false,false],[250,26,1,true,true,false],[254,30,1,true,false,true],[255,11,1,true,true,false],[255,30,1,true,false,true],[256,11,1,true,true,false],[257,2,0,false,false,false],[259,26,1,true,true,false],[267,32,1,true,false,true],[268,11,1,true,true,false],[268,33,1,true,false,true],[269,11,1,true,true,false],[269,33,1,true,false,true],[270,11,1,true,true,false],[270,33,1,true,false,true],[271,11,1,true,true,false],[271,33,1,true,false,true],[272,11,1,true,true,false],[272,33,1,true,false,true],[273,11,1,true,true,false],[274,2,0,false,false,false],[276,28,1,true,true,false],[282,37,1,true,false,true],[283,5,1,true,true,false],[284,2,0,false,false,false],[286,27,1,true,true,false],[288,31,1,true,false,true],[289,5,1,true,true,false],[294,31,1,true,false,true],[295,11,1,true,true,false],[297,31,1,true,false,true],[298,11,1,true,true,false],[298,21,1,true,false,true],[299,11,1,true,true,false],[301,2,0,false,false,false],[303,27,1,true,true,false],[305,31,1,true,false,true],[306,5,1,true,true,false],[311,31,1,true,false,true],[312,5,1,true,true,false],[313,31,1,true,false,true],[314,5,1,true,true,false],[315,31,1,true,false,true],[316,5,1,true,true,false],[317,31,1,true,false,true],[318,11,1,true,true,false],[318,21,1,true,false,true],[319,5,1,true,true,false],[320,2,0,false,false,false],[322,29,1,true,true,false],[324,31,1,true,false,true],[325,5,1,true,true,false],[330,31,1,true,false,true],[331,5,1,true,true,false],[332,31,1,true,false,true],[333,11,1,true,true,false],[333,64,1,true,false,true],[334,11,1,true,true,false],[334,52,1,true,false,true],[335,5,1,true,true,false],[336,21,1,true,false,true],[337,5,1,true,true,false],[338,31,1,true,false,true],[339,11,1,true,true,false],[339,52,1,true,false,true],[340,5,1,true,true,false],[341,29,1,true,false,true],[342,11,1,true,true,false],[342,31,1,true,false,true],[343,11,1,true,true,false],[343,52,1,true,false,true],[344,5,1,true,true,false],[345,29,1,true,false,true],[346,11,1,true,true,false],[346,31,1,true,false,true],[347,5,1,true,true,false],[348,2,0,false,false,false],[350,24,1,true,true,false],[353,1,0,false,true,false],[353,1,1,true,false,false],[357,1,0,false,true,false],[357,1,1,true,false,true],[358,5,1,true,true,false],[360,24,1,true,false,true],[361,1,0,false,true,false],[361,1,1,true,false,true],[362,5,1,true,true,false],[364,24,1,true,false,true],[365,11,1,true,true,false],[365,25,1,true,false,true],[366,1,0,false,true,false],[366,1,1,true,false,true],[367,5,1,true,true,false],[368,20,1,true,false,true],[369,11,1,true,true,false],[369,21,1,true,false,true],[370,1,0,false,true,false],[370,1,1,true,false,true],[371,5,1,true,true,false],[373,2,0,false,false,false],[375,25,1,true,true,false],[378,32,1,true,false,true],[379,5,1,true,true,false],[380,44,1,true,false,true],[381,5,1,true,true,false],[382,1,0,false,true,false],[382,1,1,true,false,false],[383,2,0,false,false,false],[385,23,1,true,true,false],[390,22,1,true,false,true],[391,11,1,true,true,false],[391,23,1,true,false,true],[392,11,1,true,true,false],[392,42,1,true,false,true],[393,11,1,true,true,false],[393,42,1,true,false,true],[394,5,1,true,true,false],[395,1,0,false,true,false],[395,1,1,true,false,false],[398,11,1,true,true,false],[398,43,1,true,false,true],[399,5,1,true,true,false],[400,1,0,false,true,false],[400,1,1,true,false,false],[403,11,1,true,true,false],[403,24,1,true,false,true],[404,5,1,true,true,false],[406,29,1,true,false,true],[407,1,0,false,true,false],[407,1,1,true,false,true],[408,5,1,true,true,false],[409,2,0,false,false,false],[411,17,1,true,true,false],[413,1,0,false,true,false],[413,1,1,true,false,false],[416,11,1,true,true,false],[416,29,1,true,false,true],[417,1,0,false,true,false],[417,1,1,true,false,true],[418,5,1,true,true,false],[419,29,1,true,false,true],[420,11,1,true,true,false],[420,29,1,true,false,true],[421,1,0,false,true,false],[421,1,1,true,false,true],[422,5,1,true,true,false],[423,29,1,true,false,true],[424,11,1,true,true,false],[424,29,1,true,false,true],[425,1,0,false,true,false],[425,1,1,true,false,true],[426,5,1,true,true,false],[427,1,0,false,true,false],[429,71,1,true,false,false],[431,11,1,true,true,false],[431,29,1,true,false,true],[432,11,1,true,true,false],[432,49,1,true,false,true],[433,11,1,true,true,false],[433,49,1,true,false,true],[434,11,1,true,true,false],[434,61,1,true,false,true],[435,11,1,true,true,false],[435,62,1,true,false,true],[436,1,0,false,true,false],[436,1,1,true,false,true],[437,5,1,true,true,false],[438,29,1,true,false,true],[439,11,1,true,true,false],[439,29,1,true,false,true],[440,11,1,true,true,false],[440,49,1,true,false,true],[441,11,1,true,true,false],[441,61,1,true,false,true],[442,1,0,false,true,false],[442,1,1,true,false,true],[443,5,1,true,true,false],[444,29,1,true,false,true],[445,11,1,true,true,false],[445,29,1,true,false,true],[446,1,0,false,true,false],[446,1,1,true,false,true],[447,5,1,true,true,false],[448,1,0,false,true,false],[448,1,1,true,false,false],[449,2,0,false,false,false],[451,16,1,true,true,false],[476,2,0,false,false,false]],"summary":{"branches":{"count":0,"covered":0,"notcovered":0,"percent":0},"functions":{"count":25,"covered":25,"percent":100},"instantiations":{"count":25,"covered":25,"percent":100},"lines":{"count":414,"covered":414,"percent":100},"regions":{"count":164,"covered":164,"notcovered":0,"percent":100}}},{"branches":[[11,9,11,21,0,0,0,0,4],[14,25,14,36,0,0,0,0,4],[17,25,17,35,0,0,0,0,4],[24,8,24,19,0,0,0,0,4],[26,17,26,27,0,0,0,0,4],[43,12,43,26,0,0,0,0,4],[63,12,63,26,0,0,0,0,4],[86,12,86,28,0,0,0,0,4],[108,9,108,28,0,0,0,0,4],[112,14,112,33,0,0,0,0,4],[122,9,122,28,0,0,0,0,4],[126,14,126,33,0,0,0,0,4],[139,8,139,17,0,0,0,0,4],[140,13,140,32,0,0,0,0,4],[143,20,143,39,0,0,0,0,4],[148,13,148,22,0,0,0,0,4],[149,13,149,32,0,0,0,0,4],[152,20,152,39,0,0,0,0,4],[166,9,166,28,0,0,0,0,4],[171,14,171,33,0,0,0,0,4],[203,8,203,25,0,0,0,0,4],[212,12,212,13,0,0,0,0,4],[217,13,217,27,0,0,0,0,4],[220,18,220,32,0,0,0,0,4],[223,18,223,32,0,0,0,0,4],[226,18,226,32,0,0,0,0,4],[229,18,229,32,0,0,0,0,4],[232,18,232,32,0,0,0,0,4],[235,18,235,32,0,0,0,0,4],[238,18,238,32,0,0,0,0,4],[241,18,241,32,0,0,0,0,4],[244,17,244,31,0,0,0,0,4],[247,18,247,32,0,0,0,0,4],[250,18,250,32,0,0,0,0,4],[253,18,253,32,0,0,0,0,4],[256,18,256,32,0,0,0,0,4]],"expansions":[],"filename":"/Users/titienipaul/Library/Mobile Documents/com~apple~CloudDocs/lab_2-4Dinamic/ui/ui.c","segments":[[10,37,0,true,true,false],[11,9,0,true,true,false],[11,21,0,true,false,false],[12,9,0,true,true,false],[12,38,0,true,false,false],[14,9,0,true,true,false],[14,25,0,true,true,false],[14,36,0,true,false,false],[14,38,0,true,true,false],[14,41,0,true,false,false],[14,43,0,true,true,false],[17,25,0,true,true,false],[17,35,0,true,false,false],[17,36,0,true,true,false],[17,39,0,true,false,false],[18,17,0,true,true,false],[19,78,0,true,false,false],[21,2,0,false,false,false],[23,33,0,true,true,false],[24,8,0,true,true,false],[24,19,0,true,false,false],[25,9,0,true,true,false],[25,38,0,true,false,false],[26,17,0,true,true,false],[26,27,0,true,false,false],[26,28,0,true,true,false],[26,31,0,true,false,false],[27,9,0,true,true,false],[28,70,0,true,false,false],[29,2,0,false,false,false],[31,35,0,true,true,false],[43,12,0,true,true,false],[43,26,0,true,false,false],[43,27,0,true,true,false],[54,6,0,true,false,false],[56,2,0,false,false,false],[58,35,0,true,true,false],[63,12,0,true,true,false],[63,26,0,true,false,false],[63,27,0,true,true,false],[68,6,0,true,false,false],[70,2,0,false,false,false],[72,37,0,true,true,false],[86,12,0,true,true,false],[86,28,0,true,false,false],[86,29,0,true,true,false],[99,6,0,true,false,false],[101,2,0,false,false,false],[103,40,0,true,true,false],[108,9,0,true,true,false],[108,28,0,true,false,false],[108,29,0,true,true,false],[111,6,0,true,false,true],[112,10,0,true,true,false],[112,14,0,true,true,false],[112,33,0,true,false,false],[112,34,0,true,true,false],[115,6,0,true,false,false],[116,2,0,false,false,false],[118,40,0,true,true,false],[122,9,0,true,true,false],[122,28,0,true,false,false],[122,29,0,true,true,false],[125,6,0,true,false,true],[126,10,0,true,true,false],[126,14,0,true,true,false],[126,33,0,true,false,false],[126,34,0,true,true,false],[129,6,0,true,false,false],[130,2,0,false,false,false],[132,43,0,true,true,false],[139,8,0,true,true,false],[139,17,0,true,false,false],[139,19,0,true,true,false],[140,13,0,true,true,false],[140,32,0,true,false,false],[140,34,0,true,true,false],[143,10,0,true,false,true],[143,16,0,true,true,false],[143,20,0,true,true,false],[143,39,0,true,false,false],[143,41,0,true,true,false],[146,10,0,true,false,false],[148,10,0,true,true,false],[148,13,0,true,true,false],[148,22,0,true,false,false],[148,24,0,true,true,false],[149,13,0,true,true,false],[149,32,0,true,false,false],[149,34,0,true,true,false],[152,10,0,true,false,true],[152,16,0,true,true,false],[152,20,0,true,true,false],[152,39,0,true,false,false],[152,41,0,true,true,false],[155,10,0,true,false,false],[157,2,0,false,false,false],[159,33,0,true,true,false],[166,9,0,true,true,false],[166,28,0,true,false,false],[166,29,0,true,true,false],[170,6,0,true,false,true],[171,10,0,true,true,false],[171,14,0,true,true,false],[171,33,0,true,false,false],[171,34,0,true,true,false],[175,6,0,true,false,false],[176,1,0,false,true,false],[176,1,0,true,false,false],[177,2,0,false,false,false],[179,32,0,true,true,false],[186,2,0,false,false,false],[188,33,0,true,true,false],[195,2,0,false,false,false],[197,13,0,true,true,false],[200,2,0,false,false,false],[202,27,0,true,true,false],[203,8,0,true,true,false],[203,25,0,true,false,false],[204,9,0,true,true,false],[204,42,0,true,false,false],[206,9,0,true,true,false],[206,19,0,true,false,false],[207,2,0,false,false,false],[209,11,0,true,true,false],[212,12,0,true,true,false],[212,13,0,true,false,false],[212,14,0,true,true,false],[216,1,0,false,true,false],[216,1,0,true,false,false],[217,13,0,true,true,false],[217,27,0,true,false,false],[218,13,0,true,true,false],[218,18,0,true,false,false],[219,1,0,false,true,false],[219,1,0,true,false,true],[220,14,0,true,true,false],[220,18,0,true,true,false],[220,32,0,true,false,false],[221,13,0,true,true,false],[221,37,0,true,false,false],[222,1,0,false,true,false],[222,1,0,true,false,true],[223,14,0,true,true,false],[223,18,0,true,true,false],[223,32,0,true,false,false],[224,13,0,true,true,false],[224,32,0,true,false,false],[225,1,0,false,true,false],[225,1,0,true,false,true],[226,14,0,true,true,false],[226,18,0,true,true,false],[226,32,0,true,false,false],[227,13,0,true,true,false],[227,20,0,true,false,false],[228,1,0,false,true,false],[228,1,0,true,false,true],[229,14,0,true,true,false],[229,18,0,true,true,false],[229,32,0,true,false,false],[230,13,0,true,true,false],[230,34,0,true,false,false],[231,1,0,false,true,false],[231,1,0,true,false,true],[232,14,0,true,true,false],[232,18,0,true,true,false],[232,32,0,true,false,false],[233,13,0,true,true,false],[233,34,0,true,false,false],[234,1,0,false,true,false],[234,1,0,true,false,true],[235,14,0,true,true,false],[235,18,0,true,true,false],[235,32,0,true,false,false],[236,13,0,true,true,false],[236,36,0,true,false,false],[237,1,0,false,true,false],[237,1,0,true,false,true],[238,14,0,true,true,false],[238,18,0,true,true,false],[238,32,0,true,false,false],[239,13,0,true,true,false],[239,39,0,true,false,false],[240,1,0,false,true,false],[240,1,0,true,false,true],[241,14,0,true,true,false],[241,18,0,true,true,false],[241,32,0,true,false,false],[242,13,0,true,true,false],[242,39,0,true,false,false],[243,1,0,false,true,false],[243,1,0,true,false,true],[244,14,0,true,true,false],[244,17,0,true,true,false],[244,31,0,true,false,false],[245,13,0,true,true,false],[245,42,0,true,false,false],[246,1,0,false,true,false],[246,1,0,true,false,true],[247,14,0,true,true,false],[247,18,0,true,true,false],[247,32,0,true,false,false],[248,13,0,true,true,false],[248,32,0,true,false,false],[249,1,0,false,true,false],[249,1,0,true,false,true],[250,14,0,true,true,false],[250,18,0,true,true,false],[250,32,0,true,false,false],[251,13,0,true,true,false],[251,31,0,true,false,false],[252,1,0,false,true,false],[252,1,0,true,false,true],[253,14,0,true,true,false],[253,18,0,true,true,false],[253,32,0,true,false,false],[254,13,0,true,true,false],[254,32,0,true,false,false],[255,1,0,false,true,false],[255,1,0,true,false,true],[256,14,0,true,true,false],[256,18,0,true,true,false],[256,32,0,true,false,false],[257,13,0,true,true,false],[257,26,0,true,false,false],[258,1,0,false,true,false],[258,1,0,true,false,true],[260,13,0,true,true,false],[260,44,0,true,false,false],[263,2,0,false,false,false]],"summary":{"branches":{"count":70,"covered":0,"notcovered":70,"percent":0},"functions":{"count":14,"covered":0,"percent":0},"instantiations":{"count":14,"covered":0,"percent":0},"lines":{"count":225,"covered":0,"percent":0},"regions":{"count":111,"covered":0,"notcovered":111,"percent":0}}},{"branches":[[6,9,6,52,5,6,0,0,4],[7,5,7,62,5,0,0,0,4],[8,5,8,50,5,0,0,0,4],[9,5,9,43,4,1,0,0,4],[16,9,16,59,14,26,0,0,4],[18,14,18,64,14,12,0,0,4],[21,13,21,71,1,11,0,0,4],[23,18,23,76,1,10,0,0,4],[26,17,26,67,1,9,0,0,4],[28,17,28,68,8,1,0,0,4],[40,8,40,27,13,23,0,0,4],[42,13,42,33,10,13,0,0,4]],"expansions":[],"filename":"/Users/titienipaul/Library/Mobile Documents/com~apple~CloudDocs/lab_2-4Dinamic/utils/utils.c","segments":[[4,48,11,true,true,false],[6,9,11,true,true,false],[6,52,11,true,false,false],[7,5,5,true,true,false],[7,62,11,true,false,false],[8,5,5,true,true,false],[8,50,11,true,false,false],[9,5,5,true,true,false],[9,43,11,true,false,false],[9,44,4,true,false,true],[10,9,4,true,true,false],[10,17,11,true,false,false],[12,2,0,false,false,false],[14,43,40,true,true,false],[16,9,40,true,true,false],[16,59,40,true,false,false],[16,60,14,true,false,true],[17,9,14,true,true,false],[17,17,40,true,false,false],[17,18,26,true,false,true],[18,10,26,true,true,false],[18,14,26,true,true,false],[18,64,26,true,false,false],[18,65,14,true,false,true],[19,9,14,true,true,false],[19,17,26,true,false,false],[19,18,12,true,false,true],[20,9,12,true,true,false],[21,13,12,true,true,false],[21,71,12,true,false,false],[21,72,1,true,false,true],[22,13,1,true,true,false],[22,21,12,true,false,false],[22,22,11,true,false,true],[23,14,11,true,true,false],[23,18,11,true,true,false],[23,76,11,true,false,false],[23,77,1,true,false,true],[24,13,1,true,true,false],[24,21,11,true,false,false],[24,22,10,true,false,true],[25,13,10,true,true,false],[26,17,10,true,true,false],[26,67,10,true,false,false],[26,68,1,true,false,true],[27,17,1,true,true,false],[27,25,10,true,false,false],[27,26,9,true,false,true],[28,13,9,true,true,false],[28,17,9,true,true,false],[28,68,9,true,false,false],[28,69,8,true,false,true],[29,17,8,true,true,false],[29,25,9,true,false,false],[29,26,1,true,false,true],[30,13,1,true,true,false],[30,21,9,true,false,false],[31,10,12,true,false,false],[32,6,40,true,false,false],[33,2,0,false,false,false],[35,39,34,true,true,false],[37,2,0,false,false,false],[39,35,36,true,true,false],[40,8,36,true,true,false],[40,27,36,true,false,false],[40,28,13,true,false,true],[41,9,13,true,true,false],[41,17,36,true,false,false],[41,18,23,true,false,true],[42,10,23,true,true,false],[42,13,23,true,true,false],[42,33,23,true,false,false],[42,34,10,true,false,true],[43,9,10,true,true,false],[43,17,36,true,false,false],[43,18,13,true,false,true],[44,5,13,true,true,false],[44,13,36,true,false,false],[45,2,0,false,false,false],[47,36,25,true,true,false],[50,2,0,false,false,false]],"summary":{"branches":{"count":24,"covered":22,"notcovered":2,"percent":91.666666666666657},"functions":{"count":5,"covered":5,"percent":100},"instantiations":{"count":5,"covered":5,"percent":100},"lines":{"count":43,"covered":43,"percent":100},"regions":{"count":37,"covered":37,"notcovered":0,"percent":100}}}],"functions":[{"branches":[],"count":1,"filenames":["/Users/titienipaul/Library/Mobile Documents/com~apple~CloudDocs/lab_2-4Dinamic/main.c"],"name":"main","regions":[[19,11,23,2,1,0,0,0],[21,1,21,13,0,0,0,2]]},{"branches":[],"count":83,"filenames":["/Users/titienipaul/Library/Mobile Documents/com~apple~CloudDocs/lab_2-4Dinamic/domain/oferte.c"],"name":"get_tip","regions":[[7,1,9,2,83,0,0,0]]},{"branches":[],"count":37,"filenames":["/Users/titienipaul/Library/Mobile Documents/com~apple~CloudDocs/lab_2-4Dinamic/domain/oferte.c"],"name":"get_destinatie","regions":[[12,1,14,2,37,0,0,0]]},{"branches":[],"count":66,"filenames":["/Users/titienipaul/Library/Mobile Documents/com~apple~CloudDocs/lab_2-4Dinamic/domain/oferte.c"],"name":"get_data","regions":[[17,1,19,2,66,0,0,0]]},{"branches":[],"count":39,"filenames":["/Users/titienipaul/Library/Mobile Documents/com~apple~CloudDocs/lab_2-4Dinamic/domain/oferte.c"],"name":"get_zi","regions":[[21,35,25,2,39,0,0,0]]},{"branches":[],"count":47,"filenames":["/Users/titienipaul/Library/Mobile Documents/com~apple~CloudDocs/lab_2-4Dinamic/domain/oferte.c"],"name":"get_luna","regions":[[27,39,31,2,47,0,0,0]]},{"branches":[],"count":133,"filenames":["/Users/titienipaul/Library/Mobile Documents/com~apple~CloudDocs/lab_2-4Dinamic/domain/oferte.c"],"name":"get_an","regions":[[33,35,36,2,133,0,0,0]]},{"branches":[],"count":79,"filenames":["/Users/titienipaul/Library/Mobile Documents/com~apple~CloudDocs/lab_2-4Dinamic/domain/oferte.c"],"name":"get_pret","regions":[[38,29,40,2,79,0,0,0]]},{"branches":[],"count":74,"filenames":["/Users/titienipaul/Library/Mobile Documents/com~apple~CloudDocs/lab_2-4Dinamic/domain/oferte.c"],"name":"set_tip","regions":[[42,40,45,2,74,0,0,0],[43,1,43,25,0,0,0,2]]},{"branches":[],"count":74,"filenames":["/Users/titienipaul/Library/Mobile Documents/com~apple~CloudDocs/lab_2-4Dinamic/domain/oferte.c"],"name":"set_destinatie","regions":[[47,54,50,2,74,0,0,0],[48,1,48,39,0,0,0,2]]},{"branches":[],"count":74,"filenames":["/Users/titienipaul/Library/Mobile Documents/com~apple~CloudDocs/lab_2-4Dinamic/domain/oferte.c"],"name":"set_data","regions":[[52,42,55,2,74,0,0,0],[53,1,53,27,0,0,0,2]]},{"branches":[],"count":74,"filenames":["/Users/titienipaul/Library/Mobile Documents/com~apple~CloudDocs/lab_2-4Dinamic/domain/oferte.c"],"name":"set_pret","regions":[[57,40,59,2,74,0,0,0]]},{"branches":[],"count":72,"filenames":["/Users/titienipaul/Library/Mobile Documents/com~apple~CloudDocs/lab_2-4Dinamic/domain/oferte.c"],"name":"CreeazaOferta","regions":[[62,1,72,2,72,0,0,0]]},{"branches":[],"count":72,"filenames":["/Users/titienipaul/Library/Mobile Documents/com~apple~CloudDocs/lab_2-4Dinamic/domain/oferte.c"],"name":"DistrugeOferta","regions":[[74,36,79,2,72,0,0,0]]},{"branches":[[6,9,6,52,5,6,0,0,4],[7,5,7,62,5,0,0,0,4],[8,5,8,50,5,0,0,0,4],[9,5,9,43,4,1,0,0,4]],"count":11,"filenames":["/Users/titienipaul/Library/Mobile Documents/com~apple~CloudDocs/lab_2-4Dinamic/utils/utils.c"],"name":"Egalitate","regions":[[4,48,12,2,11,0,0,0],[6,9,6,52,11,0,0,0],[6,9,7,62,11,0,0,0],[6,9,8,50,11,0,0,0],[6,9,9,43,11,0,0,0],[7,5,7,62,5,0,0,0],[8,5,8,50,5,0,0,0],[9,5,9,43,5,0,0,0],[9,44,10,9,4,0,0,3],[10,9,10,17,4,0,0,0]]},{"branches":[[16,9,16,59,14,26,0,0,4],[18,14,18,64,14,12,0,0,4],[21,13,21,71,1,11,0,0,4],[23,18,23,76,1,10,0,0,4],[26,17,26,67,1,9,0,0,4],[28,17,28,68,8,1,0,0,4]],"count":40,"filenames":["/Users/titienipaul/Library/Mobile Documents/com~apple~CloudDocs/lab_2-4Dinamic/utils/utils.c"],"name":"Cronologic","regions":[[14,43,33,2,40,0,0,0],[16,9,16,59,40,0,0,0],[16,60,17,9,14,0,0,3],[17,9,17,17,14,0,0,0],[17,18,18,10,26,0,0,3],[18,10,32,6,26,0,0,0],[18,14,18,64,26,0,0,0],[18,65,19,9,14,0,0,3],[19,9,19,17,14,0,0,0],[19,18,20,9,12,0,0,3],[20,9,32,6,12,0,0,0],[21,13,21,71,12,0,0,0],[21,72,22,13,1,0,0,3],[22,13,22,21,1,0,0,0],[22,22,23,14,11,0,0,3],[23,14,31,10,11,0,0,0],[23,18,23,76,11,0,0,0],[23,77,24,13,1,0,0,3],[24,13,24,21,1,0,0,0],[24,22,25,13,10,0,0,3],[25,13,31,10,10,0,0,0],[26,17,26,67,10,0,0,0],[26,68,27,17,1,0,0,3],[27,17,27,25,1,0,0,0],[27,26,28,13,9,0,0,3],[28,13,31,10,9,0,0,0],[28,17,28,68,9,0,0,0],[28,69,29,17,8,0,0,3],[29,17,29,25,8,0,0,0],[29,26,30,13,1,0,0,3],[30,13,30,21,1,0,0,0]]},{"branches":[],"count":34,"filenames":["/Users/titienipaul/Library/Mobile Documents/com~apple~CloudDocs/lab_2-4Dinamic/utils/utils.c"],"name":"MaiMicData","regions":[[35,39,37,2,34,0,0,0]]},{"branches":[[40,8,40,27,13,23,0,0,4],[42,13,42,33,10,13,0,0,4]],"count":36,"filenames":["/Users/titienipaul/Library/Mobile Documents/com~apple~CloudDocs/lab_2-4Dinamic/utils/utils.c"],"name":"MaiMic","regions":[[39,35,45,2,36,0,0,0],[40,8,40,27,36,0,0,0],[40,28,41,9,13,0,0,3],[41,9,41,17,13,0,0,0],[41,18,42,10,23,0,0,3],[42,10,43,17,23,0,0,0],[42,13,42,33,23,0,0,0],[42,34,43,9,10,0,0,3],[43,9,43,17,10,0,0,0],[43,18,44,5,13,0,0,3],[44,5,44,13,13,0,0,0]]},{"branches":[],"count":25,"filenames":["/Users/titienipaul/Library/Mobile Documents/com~apple~CloudDocs/lab_2-4Dinamic/utils/utils.c"],"name":"CopieOferta","regions":[[47,36,50,2,25,0,0,0]]},{"branches":[],"count":1,"filenames":["/Users/titienipaul/Library/Mobile Documents/com~apple~CloudDocs/lab_2-4Dinamic/teste/teste.c"],"name":"test_creare","regions":[[12,19,21,2,1,0,0,0],[14,37,15,5,1,0,0,3],[15,11,21,2,1,0,0,0],[15,52,16,5,1,0,0,3],[16,5,21,2,1,0,0,0],[17,60,18,5,1,0,0,3],[18,11,21,2,1,0,0,0],[18,64,19,5,1,0,0,3],[19,11,21,2,1,0,0,0],[19,62,20,5,1,0,0,3],[20,5,21,2,1,0,0,0]]},{"branches":[],"count":1,"filenames":["/Users/titienipaul/Library/Mobile Documents/com~apple~CloudDocs/lab_2-4Dinamic/teste/teste.c"],"name":"test_distrugere","regions":[[23,23,30,2,1,0,0,0],[25,27,26,5,1,0,0,3],[26,5,30,2,1,0,0,0],[28,26,29,5,1,0,0,3],[29,5,30,2,1,0,0,0]]},{"branches":[],"count":1,"filenames":["/Users/titienipaul/Library/Mobile Documents/com~apple~CloudDocs/lab_2-4Dinamic/teste/teste.c"],"name":"test_redimensionare","regions":[[32,27,44,2,1,0,0,0],[34,27,35,5,1,0,0,3],[35,5,44,2,1,0,0,0],[41,27,42,5,1,0,0,3],[42,11,44,2,1,0,0,0],[42,26,43,5,1,0,0,3],[43,5,44,2,1,0,0,0]]},{"branches":[],"count":1,"filenames":["/Users/titienipaul/Library/Mobile Documents/com~apple~CloudDocs/lab_2-4Dinamic/teste/teste.c"],"name":"test_egalitate","regions":[[46,22,61,2,1,0,0,0],[58,45,59,5,1,0,0,3],[59,5,61,2,1,0,0,0]]},{"branches":[],"count":1,"filenames":["/Users/titienipaul/Library/Mobile Documents/com~apple~CloudDocs/lab_2-4Dinamic/teste/teste.c"],"name":"test_cronologic","regions":[[63,23,78,2,1,0,0,0],[66,37,67,5,1,0,0,3],[67,5,78,2,1,0,0,0],[69,38,70,5,1,0,0,3],[70,5,78,2,1,0,0,0],[72,37,73,5,1,0,0,3],[73,11,78,2,1,0,0,0],[73,38,74,5,1,0,0,3],[74,5,78,2,1,0,0,0],[76,37,77,5,1,0,0,3],[77,11,78,2,1,0,0,0]]},{"branches":[],"count":1,"filenames":["/Users/titienipaul/Library/Mobile Documents/com~apple~CloudDocs/lab_2-4Dinamic/teste/teste.c"],"name":"test_gasit","regions":[[80,18,93,2,1,0,0,0],[88,48,89,5,1,0,0,3],[89,11,93,2,1,0,0,0],[89,48,90,5,1,0,0,3],[90,11,93,2,1,0,0,0],[90,49,91,5,1,0,0,3],[91,5,93,2,1,0,0,0]]},{"branches":[],"count":1,"filenames":["/Users/titienipaul/Library/Mobile Documents/com~apple~CloudDocs/lab_2-4Dinamic/teste/teste.c"],"name":"test_adaugare","regions":[[95,21,104,2,1,0,0,0],[97,26,98,5,1,0,0,3],[98,5,104,2,1,0,0,0],[100,26,101,5,1,0,0,3],[101,11,104,2,1,0,0,0],[101,55,102,5,1,0,0,3],[102,11,104,2,1,0,0,0],[102,47,103,5,1,0,0,3],[103,5,104,2,1,0,0,0]]},{"branches":[],"count":1,"filenames":["/Users/titienipaul/Library/Mobile Documents/com~apple~CloudDocs/lab_2-4Dinamic/teste/teste.c"],"name":"test_add","regions":[[106,16,120,2,1,0,0,0],[110,1,110,1,0,0,0,2],[112,27,113,5,1,0,0,3],[113,11,120,2,1,0,0,0],[113,56,114,5,1,0,0,3],[114,11,120,2,1,0,0,0],[114,48,116,5,1,0,0,3],[115,1,115,1,0,0,0,2],[116,5,120,2,1,0,0,0],[117,26,119,5,1,0,0,3],[118,1,118,1,0,0,0,2],[119,5,120,2,1,0,0,0]]},{"branches":[],"count":1,"filenames":["/Users/titienipaul/Library/Mobile Documents/com~apple~CloudDocs/lab_2-4Dinamic/teste/teste.c"],"name":"test_stergere","regions":[[122,21,137,2,1,0,0,0],[128,26,129,5,1,0,0,3],[129,5,137,2,1,0,0,0],[132,26,133,5,1,0,0,3],[133,11,137,2,1,0,0,0],[133,47,134,5,1,0,0,3],[134,11,137,2,1,0,0,0],[134,60,135,5,1,0,0,3],[135,5,137,2,1,0,0,0],[136,1,136,1,0,0,0,2]]},{"branches":[],"count":1,"filenames":["/Users/titienipaul/Library/Mobile Documents/com~apple~CloudDocs/lab_2-4Dinamic/teste/teste.c"],"name":"test_modificare","regions":[[139,23,153,2,1,0,0,0],[145,26,146,5,1,0,0,3],[146,5,153,2,1,0,0,0],[148,47,149,5,1,0,0,3],[149,11,153,2,1,0,0,0],[149,61,150,5,1,0,0,3],[150,11,153,2,1,0,0,0],[150,26,151,5,1,0,0,3],[151,5,153,2,1,0,0,0]]},{"branches":[],"count":1,"filenames":["/Users/titienipaul/Library/Mobile Documents/com~apple~CloudDocs/lab_2-4Dinamic/teste/teste.c"],"name":"test_sortare","regions":[[155,20,181,2,1,0,0,0],[163,32,164,5,1,0,0,3],[164,5,181,2,1,0,0,0],[165,53,166,5,1,0,0,3],[166,11,181,2,1,0,0,0],[166,53,167,5,1,0,0,3],[167,11,181,2,1,0,0,0],[167,53,168,5,1,0,0,3],[168,5,181,2,1,0,0,0],[169,53,170,5,1,0,0,3],[170,11,181,2,1,0,0,0],[170,53,171,5,1,0,0,3],[171,11,181,2,1,0,0,0],[171,53,172,5,1,0,0,3],[172,5,181,2,1,0,0,0],[173,53,174,5,1,0,0,3],[174,11,181,2,1,0,0,0],[174,65,175,5,1,0,0,3],[175,5,181,2,1,0,0,0],[176,53,177,5,1,0,0,3],[177,11,181,2,1,0,0,0],[177,53,178,5,1,0,0,3],[178,11,181,2,1,0,0,0],[178,68,179,5,1,0,0,3],[179,11,181,2,1,0,0,0],[179,68,180,5,1,0,0,3],[180,5,181,2,1,0,0,0]]},{"branches":[],"count":1,"filenames":["/Users/titienipaul/Library/Mobile Documents/com~apple~CloudDocs/lab_2-4Dinamic/teste/teste.c"],"name":"test_sortare2","regions":[[183,21,214,2,1,0,0,0],[191,32,192,5,1,0,0,3],[192,5,214,2,1,0,0,0],[193,53,194,5,1,0,0,3],[194,11,214,2,1,0,0,0],[194,53,195,5,1,0,0,3],[195,11,214,2,1,0,0,0],[195,53,196,5,1,0,0,3],[196,11,214,2,1,0,0,0],[196,71,198,5,1,0,0,3],[197,1,197,1,0,0,0,2],[198,5,214,2,1,0,0,0],[199,53,200,5,1,0,0,3],[200,11,214,2,1,0,0,0],[200,53,201,5,1,0,0,3],[201,11,214,2,1,0,0,0],[201,53,202,5,1,0,0,3],[202,11,214,2,1,0,0,0],[202,71,204,5,1,0,0,3],[203,1,203,1,0,0,0,2],[204,5,214,2,1,0,0,0],[205,53,206,5,1,0,0,3],[206,11,214,2,1,0,0,0],[206,71,208,5,1,0,0,3],[207,1,207,1,0,0,0,2],[208,5,214,2,1,0,0,0],[209,53,210,5,1,0,0,3],[210,11,214,2,1,0,0,0],[210,53,211,5,1,0,0,3],[211,11,214,2,1,0,0,0],[211,68,212,5,1,0,0,3],[212,11,214,2,1,0,0,0],[212,68,213,5,1,0,0,3],[213,5,214,2,1,0,0,0]]},{"branches":[],"count":1,"filenames":["/Users/titienipaul/Library/Mobile Documents/com~apple~CloudDocs/lab_2-4Dinamic/teste/teste.c"],"name":"test_filtrare","regions":[[216,21,241,2,1,0,0,0],[226,41,227,5,1,0,0,3],[227,11,241,2,1,0,0,0],[227,106,228,5,1,0,0,3],[228,5,241,2,1,0,0,0],[229,39,230,5,1,0,0,3],[230,11,241,2,1,0,0,0],[230,69,231,5,1,0,0,3],[231,5,241,2,1,0,0,0],[232,40,233,5,1,0,0,3],[233,11,241,2,1,0,0,0],[233,70,234,5,1,0,0,3],[234,11,241,2,1,0,0,0],[234,41,235,5,1,0,0,3],[235,11,241,2,1,0,0,0],[235,62,236,5,1,0,0,3],[236,5,241,2,1,0,0,0]]},{"branches":[],"count":1,"filenames":["/Users/titienipaul/Library/Mobile Documents/com~apple~CloudDocs/lab_2-4Dinamic/teste/teste.c"],"name":"test_validare_pret","regions":[[243,26,248,2,1,0,0,0],[245,31,246,5,1,0,0,3],[246,5,248,2,1,0,0,0]]},{"branches":[],"count":1,"filenames":["/Users/titienipaul/Library/Mobile Documents/com~apple~CloudDocs/lab_2-4Dinamic/teste/teste.c"],"name":"test_validare_tip","regions":[[250,26,257,2,1,0,0,0],[254,30,255,5,1,0,0,3],[255,11,257,2,1,0,0,0],[255,30,256,5,1,0,0,3],[256,11,257,2,1,0,0,0]]},{"branches":[],"count":1,"filenames":["/Users/titienipaul/Library/Mobile Documents/com~apple~CloudDocs/lab_2-4Dinamic/teste/teste.c"],"name":"test_validare_data","regions":[[259,26,274,2,1,0,0,0],[267,32,268,5,1,0,0,3],[268,11,274,2,1,0,0,0],[268,33,269,5,1,0,0,3],[269,11,274,2,1,0,0,0],[269,33,270,5,1,0,0,3],[270,11,274,2,1,0,0,0],[270,33,271,5,1,0,0,3],[271,11,274,2,1,0,0,0],[271,33,272,5,1,0,0,3],[272,11,274,2,1,0,0,0],[272,33,273,5,1,0,0,3],[273,11,274,2,1,0,0,0]]},{"branches":[],"count":1,"filenames":["/Users/titienipaul/Library/Mobile Documents/com~apple~CloudDocs/lab_2-4Dinamic/teste/teste.c"],"name":"test_validare_oferta","regions":[[276,28,284,2,1,0,0,0],[282,37,283,5,1,0,0,3],[283,5,284,2,1,0,0,0]]},{"branches":[],"count":1,"filenames":["/Users/titienipaul/Library/Mobile Documents/com~apple~CloudDocs/lab_2-4Dinamic/teste/teste.c"],"name":"test_adauga_service","regions":[[286,27,301,2,1,0,0,0],[288,31,289,5,1,0,0,3],[289,5,301,2,1,0,0,0],[294,31,295,5,1,0,0,3],[295,11,301,2,1,0,0,0],[297,31,298,5,1,0,0,3],[298,11,301,2,1,0,0,0],[298,21,299,5,1,0,0,3],[299,11,301,2,1,0,0,0]]},{"branches":[],"count":1,"filenames":["/Users/titienipaul/Library/Mobile Documents/com~apple~CloudDocs/lab_2-4Dinamic/teste/teste.c"],"name":"test_sterge_service","regions":[[303,27,320,2,1,0,0,0],[305,31,306,5,1,0,0,3],[306,5,320,2,1,0,0,0],[311,31,312,5,1,0,0,3],[312,5,320,2,1,0,0,0],[313,31,314,5,1,0,0,3],[314,5,320,2,1,0,0,0],[315,31,316,5,1,0,0,3],[316,5,320,2,1,0,0,0],[317,31,318,5,1,0,0,3],[318,11,320,2,1,0,0,0],[318,21,319,5,1,0,0,3],[319,5,320,2,1,0,0,0]]},{"branches":[],"count":1,"filenames":["/Users/titienipaul/Library/Mobile Documents/com~apple~CloudDocs/lab_2-4Dinamic/teste/teste.c"],"name":"test_modifica_service","regions":[[322,29,348,2,1,0,0,0],[324,31,325,5,1,0,0,3],[325,5,348,2,1,0,0,0],[330,31,331,5,1,0,0,3],[331,5,348,2,1,0,0,0],[332,31,333,5,1,0,0,3],[333,11,348,2,1,0,0,0],[333,64,334,5,1,0,0,3],[334,11,348,2,1,0,0,0],[334,52,335,5,1,0,0,3],[335,5,348,2,1,0,0,0],[336,21,337,5,1,0,0,3],[337,5,348,2,1,0,0,0],[338,31,339,5,1,0,0,3],[339,11,348,2,1,0,0,0],[339,52,340,5,1,0,0,3],[340,5,348,2,1,0,0,0],[341,29,342,5,1,0,0,3],[342,11,348,2,1,0,0,0],[342,31,343,5,1,0,0,3],[343,11,348,2,1,0,0,0],[343,52,344,5,1,0,0,3],[344,5,348,2,1,0,0,0],[345,29,346,5,1,0,0,3],[346,11,348,2,1,0,0,0],[346,31,347,5,1,0,0,3],[347,5,348,2,1,0,0,0]]},{"branches":[],"count":1,"filenames":["/Users/titienipaul/Library/Mobile Documents/com~apple~CloudDocs/lab_2-4Dinamic/teste/teste.c"],"name":"test_lista_liste","regions":[[350,24,373,2,1,0,0,0],[353,1,353,1,0,0,0,2],[356,24,358,5,1,0,0,3],[357,1,357,1,0,0,0,2],[358,5,373,2,1,0,0,0],[360,24,362,5,1,0,0,3],[361,1,361,1,0,0,0,2],[362,5,373,2,1,0,0,0],[364,24,365,5,1,0,0,3],[365,11,373,2,1,0,0,0],[365,25,367,5,1,0,0,3],[366,1,366,1,0,0,0,2],[367,5,373,2,1,0,0,0],[368,20,369,5,1,0,0,3],[369,11,373,2,1,0,0,0],[369,21,371,5,1,0,0,3],[370,1,370,1,0,0,0,2],[371,5,373,2,1,0,0,0]]},{"branches":[],"count":1,"filenames":["/Users/titienipaul/Library/Mobile Documents/com~apple~CloudDocs/lab_2-4Dinamic/teste/teste.c"],"name":"test_copie_oferta","regions":[[375,25,383,2,1,0,0,0],[378,32,379,5,1,0,0,3],[379,5,383,2,1,0,0,0],[380,44,381,5,1,0,0,3],[381,5,383,2,1,0,0,0],[382,1,382,1,0,0,0,2]]},{"branches":[],"count":1,"filenames":["/Users/titienipaul/Library/Mobile Documents/com~apple~CloudDocs/lab_2-4Dinamic/teste/teste.c"],"name":"test_copie_list","regions":[[385,23,409,2,1,0,0,0],[390,22,391,5,1,0,0,3],[391,11,409,2,1,0,0,0],[391,23,392,5,1,0,0,3],[392,11,409,2,1,0,0,0],[392,42,393,5,1,0,0,3],[393,11,409,2,1,0,0,0],[393,42,394,5,1,0,0,3],[394,5,409,2,1,0,0,0],[395,1,395,1,0,0,0,2],[397,23,398,5,1,0,0,3],[398,11,409,2,1,0,0,0],[398,43,399,5,1,0,0,3],[399,5,409,2,1,0,0,0],[400,1,400,1,0,0,0,2],[402,23,403,5,1,0,0,3],[403,11,409,2,1,0,0,0],[403,24,404,5,1,0,0,3],[404,5,409,2,1,0,0,0],[406,29,408,5,1,0,0,3],[407,1,407,1,0,0,0,2],[408,5,409,2,1,0,0,0]]},{"branches":[],"count":1,"filenames":["/Users/titienipaul/Library/Mobile Documents/com~apple~CloudDocs/lab_2-4Dinamic/teste/teste.c"],"name":"test_undo","regions":[[411,17,449,2,1,0,0,0],[413,1,413,1,0,0,0,2],[415,29,416,5,1,0,0,3],[416,11,449,2,1,0,0,0],[416,29,418,5,1,0,0,3],[417,1,417,1,0,0,0,2],[418,5,449,2,1,0,0,0],[419,29,420,5,1,0,0,3],[420,11,449,2,1,0,0,0],[420,29,422,5,1,0,0,3],[421,1,421,1,0,0,0,2],[422,5,449,2,1,0,0,0],[423,29,424,5,1,0,0,3],[424,11,449,2,1,0,0,0],[424,29,426,5,1,0,0,3],[425,1,425,1,0,0,0,2],[426,5,449,2,1,0,0,0],[427,1,429,71,0,0,0,2],[430,29,431,5,1,0,0,3],[431,11,449,2,1,0,0,0],[431,29,432,5,1,0,0,3],[432,11,449,2,1,0,0,0],[432,49,433,5,1,0,0,3],[433,11,449,2,1,0,0,0],[433,49,434,5,1,0,0,3],[434,11,449,2,1,0,0,0],[434,61,435,5,1,0,0,3],[435,11,449,2,1,0,0,0],[435,62,437,5,1,0,0,3],[436,1,436,1,0,0,0,2],[437,5,449,2,1,0,0,0],[438,29,439,5,1,0,0,3],[439,11,449,2,1,0,0,0],[439,29,440,5,1,0,0,3],[440,11,449,2,1,0,0,0],[440,49,441,5,1,0,0,3],[441,11,449,2,1,0,0,0],[441,61,443,5,1,0,0,3],[442,1,442,1,0,0,0,2],[443,5,449,2,1,0,0,0],[444,29,445,5,1,0,0,3],[445,11,449,2,1,0,0,0],[445,29,447,5,1,0,0,3],[446,1,446,1,0,0,0,2],[447,5,449,2,1,0,0,0],[448,1,448,1,0,0,0,2]]},{"branches":[],"count":1,"filenames":["/Users/titienipaul/Library/Mobile Documents/com~apple~CloudDocs/lab_2-4Dinamic/teste/teste.c"],"name":"AllTests","regions":[[451,16,476,2,1,0,0,0]]},{"branches":[],"count":53,"filenames":["/Users/titienipaul/Library/Mobile Documents/com~apple~CloudDocs/lab_2-4Dinamic/list/lista.c"],"name":"CreeazaVid","regions":[[10,38,17,2,53,0,0,0]]},{"branches":[],"count":9,"filenames":["/Users/titienipaul/Library/Mobile Documents/com~apple~CloudDocs/lab_2-4Dinamic/list/lista.c"],"name":"CreeazaBig","regions":[[19,21,24,2,9,0,0,0]]},{"branches":[[27,21,27,33,26,26,0,0,4]],"count":26,"filenames":["/Users/titienipaul/Library/Mobile Documents/com~apple~CloudDocs/lab_2-4Dinamic/list/lista.c"],"name":"DistrugeLista","regions":[[26,39,32,2,26,0,0,0],[27,21,27,33,52,0,0,0],[27,35,27,38,26,0,0,0],[27,39,29,6,26,0,0,0]]},{"branches":[[43,17,43,26,48,27,0,0,4]],"count":27,"filenames":["/Users/titienipaul/Library/Mobile Documents/com~apple~CloudDocs/lab_2-4Dinamic/list/lista.c"],"name":"DestroyList","regions":[[42,36,47,2,27,0,0,0],[43,17,43,26,75,0,0,0],[43,27,43,30,48,0,0,0],[43,31,44,9,48,0,0,3],[44,9,44,39,48,0,0,0]]},{"branches":[],"count":9,"filenames":["/Users/titienipaul/Library/Mobile Documents/com~apple~CloudDocs/lab_2-4Dinamic/list/lista.c"],"name":"DistrugeBig","regions":[[54,31,57,2,9,0,0,0]]},{"branches":[[62,21,62,33,26,14,0,0,4]],"count":14,"filenames":["/Users/titienipaul/Library/Mobile Documents/com~apple~CloudDocs/lab_2-4Dinamic/list/lista.c"],"name":"RedimensionareLista","regions":[[60,45,68,2,14,0,0,0],[62,21,62,33,40,0,0,0],[62,35,62,38,26,0,0,0],[62,39,64,6,26,0,0,0]]},{"branches":[[74,9,74,24,17,5,0,0,4]],"count":22,"filenames":["/Users/titienipaul/Library/Mobile Documents/com~apple~CloudDocs/lab_2-4Dinamic/list/lista.c"],"name":"AdaugaOferta","regions":[[70,49,82,2,22,0,0,0],[71,1,73,25,0,0,0,2],[74,9,74,24,22,0,0,0],[74,25,75,9,17,0,0,3],[75,9,75,33,17,0,0,0],[75,34,76,9,5,0,0,3],[76,9,79,6,5,0,0,0]]},{"branches":[[85,8,85,25,2,2,0,0,4]],"count":4,"filenames":["/Users/titienipaul/Library/Mobile Documents/com~apple~CloudDocs/lab_2-4Dinamic/list/lista.c"],"name":"AdaugareLista","regions":[[84,60,88,2,4,0,0,0],[85,8,85,25,4,0,0,0],[85,26,86,9,2,0,0,3],[86,9,86,34,2,0,0,0]]},{"branches":[[91,8,91,19,6,28,0,0,4]],"count":34,"filenames":["/Users/titienipaul/Library/Mobile Documents/com~apple~CloudDocs/lab_2-4Dinamic/list/lista.c"],"name":"add","regions":[[90,33,94,2,34,0,0,0],[91,8,91,19,34,0,0,0],[91,20,92,9,6,0,0,3],[92,9,92,31,6,0,0,0]]},{"branches":[[99,17,99,25,10,6,0,0,4],[101,12,101,44,3,7,0,0,4]],"count":6,"filenames":["/Users/titienipaul/Library/Mobile Documents/com~apple~CloudDocs/lab_2-4Dinamic/list/lista.c"],"name":"GasesteOferta","regions":[[96,49,105,2,6,0,0,0],[99,17,99,25,16,0,0,0],[99,27,99,30,10,0,0,0],[99,31,100,5,10,0,0,3],[100,5,103,6,10,0,0,0],[101,12,101,44,10,0,0,0],[101,45,102,13,3,0,0,3],[102,13,102,22,3,0,0,0]]},{"branches":[[122,25,122,39,1,2,0,0,4]],"count":2,"filenames":["/Users/titienipaul/Library/Mobile Documents/com~apple~CloudDocs/lab_2-4Dinamic/list/lista.c"],"name":"StergeOferta","regions":[[119,42,126,2,2,0,0,0],[120,1,120,1,0,0,0,2],[122,25,122,39,3,0,0,0],[122,41,122,44,1,0,0,0],[122,45,123,9,1,0,0,3],[123,9,123,38,1,0,0,0]]},{"branches":[],"count":2,"filenames":["/Users/titienipaul/Library/Mobile Documents/com~apple~CloudDocs/lab_2-4Dinamic/list/lista.c"],"name":"ModificaOferta","regions":[[140,65,147,2,2,0,0,0]]},{"branches":[[151,11,151,28,1,22,0,0,4],[154,17,154,26,19,22,0,0,4]],"count":22,"filenames":["/Users/titienipaul/Library/Mobile Documents/com~apple~CloudDocs/lab_2-4Dinamic/list/lista.c"],"name":"CopieLista","regions":[[149,43,157,2,22,0,0,0],[151,11,151,28,23,0,0,0],[151,29,152,9,1,0,0,3],[152,9,152,34,1,0,0,0],[154,17,154,26,41,0,0,0],[154,27,154,30,19,0,0,0],[154,31,155,9,19,0,0,3],[155,9,155,54,19,0,0,0]]},{"branches":[[12,9,12,33,1,13,0,0,4]],"count":14,"filenames":["/Users/titienipaul/Library/Mobile Documents/com~apple~CloudDocs/lab_2-4Dinamic/service/service.c"],"name":"AdaugaOfertaService","regions":[[10,92,19,2,14,0,0,0],[12,9,12,33,14,0,0,0],[12,34,15,6,1,0,0,0],[15,6,16,5,13,0,0,3],[16,5,18,13,13,0,0,0]]},{"branches":[[22,9,22,16,0,2,0,0,4],[22,20,22,40,1,1,0,0,4]],"count":2,"filenames":["/Users/titienipaul/Library/Mobile Documents/com~apple~CloudDocs/lab_2-4Dinamic/service/service.c"],"name":"StergeOfertaService","regions":[[21,48,27,2,2,0,0,0],[22,9,22,16,2,0,0,0],[22,9,22,40,2,0,0,0],[22,20,22,40,2,0,0,0],[22,41,23,9,1,0,0,3],[23,9,23,18,1,0,0,0],[23,19,24,5,1,0,0,3],[24,5,26,13,1,0,0,0]]},{"branches":[[31,9,31,16,0,4,0,0,4],[31,20,31,40,1,3,0,0,4],[31,44,31,85,1,2,0,0,4],[31,89,31,113,1,1,0,0,4]],"count":4,"filenames":["/Users/titienipaul/Library/Mobile Documents/com~apple~CloudDocs/lab_2-4Dinamic/service/service.c"],"name":"ModificaOfertaService","regions":[[29,105,39,2,4,0,0,0],[31,9,31,16,4,0,0,0],[31,9,31,40,4,0,0,0],[31,9,31,85,4,0,0,0],[31,9,31,113,4,0,0,0],[31,20,31,40,4,0,0,0],[31,44,31,85,3,0,0,0],[31,89,31,113,2,0,0,0],[31,114,31,115,3,0,0,3],[31,115,34,6,3,0,0,0],[34,6,35,5,1,0,0,3],[35,5,38,13,1,0,0,0]]},{"branches":[[92,12,92,19,12,4,0,0,4],[94,25,94,47,24,12,0,0,4],[95,17,95,28,12,12,0,0,4],[96,21,96,73,6,6,0,0,4],[104,21,104,72,6,6,0,0,4]],"count":4,"filenames":["/Users/titienipaul/Library/Mobile Documents/com~apple~CloudDocs/lab_2-4Dinamic/service/service.c"],"name":"SortareGenerica","regions":[[90,75,112,2,4,0,0,0],[92,12,92,19,16,0,0,0],[92,20,92,21,12,0,0,3],[92,21,111,6,12,0,0,0],[94,25,94,47,36,0,0,0],[94,49,94,52,24,0,0,0],[94,53,95,13,24,0,0,3],[95,13,110,14,24,0,0,0],[95,17,95,28,24,0,0,0],[95,29,95,30,12,0,0,3],[95,30,102,14,12,0,0,0],[96,21,96,73,12,0,0,0],[96,74,101,18,6,0,0,0],[102,14,103,18,12,0,0,3],[103,18,110,14,12,0,0,0],[104,21,104,72,12,0,0,0],[104,73,109,18,6,0,0,0]]},{"branches":[[116,12,116,19,11,4,0,0,4],[118,25,118,47,22,11,0,0,4],[119,17,119,28,12,10,0,0,4],[120,21,120,76,4,8,0,0,4],[126,25,126,80,4,4,0,0,4],[127,24,127,79,2,2,0,0,4],[136,21,136,76,3,7,0,0,4],[142,25,142,80,5,2,0,0,4],[143,24,143,79,1,4,0,0,4]],"count":4,"filenames":["/Users/titienipaul/Library/Mobile Documents/com~apple~CloudDocs/lab_2-4Dinamic/service/service.c"],"name":"SortareGenerica2","regions":[[114,103,152,2,4,0,0,0],[116,12,116,19,15,0,0,0],[116,20,116,21,11,0,0,3],[116,21,151,6,11,0,0,0],[118,25,118,47,33,0,0,0],[118,49,118,52,22,0,0,0],[118,53,119,13,22,0,0,3],[119,13,150,14,22,0,0,0],[119,17,119,28,22,0,0,0],[119,29,119,30,12,0,0,3],[119,30,134,14,12,0,0,0],[120,21,120,76,12,0,0,0],[120,77,125,18,4,0,0,0],[125,18,126,22,8,0,0,3],[126,22,133,18,8,0,0,0],[126,25,126,80,8,0,0,0],[126,81,133,18,4,0,0,0],[127,24,127,79,4,0,0,0],[127,80,127,81,2,0,0,3],[127,81,132,22,2,0,0,0],[134,14,135,18,10,0,0,3],[135,18,150,14,10,0,0,0],[136,21,136,76,10,0,0,0],[136,77,141,18,3,0,0,0],[141,18,142,22,7,0,0,3],[142,22,149,18,7,0,0,0],[142,25,142,80,7,0,0,0],[142,81,149,18,5,0,0,0],[143,24,143,79,5,0,0,0],[143,80,143,81,1,0,0,3],[143,81,148,22,1,0,0,0]]},{"branches":[[157,17,157,35,6,2,0,0,4],[158,13,158,23,3,3,0,0,4],[159,17,159,63,1,2,0,0,4],[164,17,164,63,2,1,0,0,4]],"count":2,"filenames":["/Users/titienipaul/Library/Mobile Documents/com~apple~CloudDocs/lab_2-4Dinamic/service/service.c"],"name":"FiltruPret","regions":[[154,66,171,2,2,0,0,0],[157,17,157,35,8,0,0,0],[157,37,157,40,6,0,0,0],[157,41,157,42,6,0,0,3],[157,42,169,6,6,0,0,0],[158,13,158,23,6,0,0,0],[158,24,158,25,3,0,0,3],[158,25,163,10,3,0,0,0],[159,17,159,63,3,0,0,0],[159,64,159,65,1,0,0,3],[159,65,162,14,1,0,0,0],[163,10,163,16,3,0,0,3],[163,16,168,10,3,0,0,0],[164,17,164,63,3,0,0,0],[164,64,164,65,2,0,0,3],[164,65,167,14,2,0,0,0]]},{"branches":[[175,21,175,39,3,1,0,0,4],[176,13,176,58,1,2,0,0,4]],"count":1,"filenames":["/Users/titienipaul/Library/Mobile Documents/com~apple~CloudDocs/lab_2-4Dinamic/service/service.c"],"name":"FiltruTip","regions":[[173,50,182,2,1,0,0,0],[175,21,175,39,4,0,0,0],[175,41,175,44,3,0,0,0],[175,45,180,6,3,0,0,0],[176,13,176,58,3,0,0,0],[176,59,176,60,1,0,0,3],[176,60,179,10,1,0,0,0]]},{"branches":[[186,21,186,39,3,1,0,0,4],[187,13,187,60,1,2,0,0,4]],"count":1,"filenames":["/Users/titienipaul/Library/Mobile Documents/com~apple~CloudDocs/lab_2-4Dinamic/service/service.c"],"name":"FiltruData","regions":[[184,52,193,2,1,0,0,0],[186,21,186,39,4,0,0,0],[186,41,186,44,3,0,0,0],[186,45,186,46,3,0,0,3],[186,46,191,6,3,0,0,0],[187,13,187,60,3,0,0,0],[187,61,187,62,1,0,0,3],[187,62,190,10,1,0,0,0]]},{"branches":[[201,9,201,31,9,11,0,0,4],[201,35,201,57,4,5,0,0,4],[201,61,201,83,3,1,0,0,4]],"count":20,"filenames":["/Users/titienipaul/Library/Mobile Documents/com~apple~CloudDocs/lab_2-4Dinamic/service/service.c"],"name":"ValidareTip","regions":[[195,28,204,2,20,0,0,0],[201,9,201,31,20,0,0,0],[201,9,201,57,20,0,0,0],[201,9,201,83,20,0,0,0],[201,35,201,57,9,0,0,0],[201,61,201,83,4,0,0,0],[201,84,202,9,3,0,0,3],[202,9,202,18,3,0,0,0]]},{"branches":[[208,9,208,27,2,22,0,0,4],[210,9,210,23,1,23,0,0,4],[210,27,210,41,0,23,0,0,4],[212,9,212,37,1,23,0,0,4],[214,9,214,38,1,23,0,0,4],[214,42,214,68,1,0,0,0,4],[216,9,216,31,16,8,0,0,4],[217,13,217,39,1,15,0,0,4],[221,13,221,39,2,6,0,0,4]],"count":24,"filenames":["/Users/titienipaul/Library/Mobile Documents/com~apple~CloudDocs/lab_2-4Dinamic/service/service.c"],"name":"ValidareData","regions":[[206,30,225,2,24,0,0,0],[208,9,208,27,24,0,0,0],[208,28,209,9,2,0,0,3],[209,9,209,18,2,0,0,0],[210,9,210,23,24,0,0,0],[210,9,210,41,24,0,0,0],[210,27,210,41,23,0,0,0],[210,42,211,9,1,0,0,3],[211,9,211,18,1,0,0,0],[212,9,212,37,24,0,0,0],[212,38,213,9,1,0,0,3],[213,9,213,18,1,0,0,0],[214,9,214,38,24,0,0,0],[214,9,214,68,24,0,0,0],[214,42,214,68,1,0,0,0],[214,69,215,9,1,0,0,3],[215,9,215,18,1,0,0,0],[216,9,216,31,24,0,0,0],[216,32,219,6,16,0,0,0],[217,13,217,39,16,0,0,0],[217,40,218,13,1,0,0,3],[218,13,218,22,1,0,0,0],[219,6,220,9,8,0,0,3],[220,9,223,6,8,0,0,0],[221,13,221,39,8,0,0,0],[221,40,222,13,2,0,0,3],[222,13,222,22,2,0,0,0]]},{"branches":[],"count":2,"filenames":["/Users/titienipaul/Library/Mobile Documents/com~apple~CloudDocs/lab_2-4Dinamic/service/service.c"],"name":"ValidarePret","regions":[[227,27,229,2,2,0,0,0]]},{"branches":[],"count":17,"filenames":["/Users/titienipaul/Library/Mobile Documents/com~apple~CloudDocs/lab_2-4Dinamic/service/service.c"],"name":"ValidareOferta","regions":[[231,34,233,2,17,0,0,0]]},{"branches":[],"count":3,"filenames":["/Users/titienipaul/Library/Mobile Documents/com~apple~CloudDocs/lab_2-4Dinamic/service/service.c"],"name":"Undo","regions":[[235,25,241,2,3,0,0,0]]},{"branches":[[11,9,11,21,0,0,0,0,4],[14,25,14,36,0,0,0,0,4],[17,25,17,35,0,0,0,0,4]],"count":0,"filenames":["/Users/titienipaul/Library/Mobile Documents/com~apple~CloudDocs/lab_2-4Dinamic/ui/ui.c"],"name":"Afisare_undo","regions":[[10,37,21,2,0,0,0,0],[11,9,11,21,0,0,0,0],[11,22,12,9,0,0,0,3],[12,9,12,38,0,0,0,0],[12,39,14,9,0,0,0,3],[14,9,20,10,0,0,0,0],[14,25,14,36,0,0,0,0],[14,38,14,41,0,0,0,0],[14,42,14,43,0,0,0,3],[14,43,20,10,0,0,0,0],[17,25,17,35,0,0,0,0],[17,36,17,39,0,0,0,0],[17,40,18,17,0,0,0,3],[18,17,19,78,0,0,0,0]]},{"branches":[[24,8,24,19,0,0,0,0,4],[26,17,26,27,0,0,0,0,4]],"count":0,"filenames":["/Users/titienipaul/Library/Mobile Documents/com~apple~CloudDocs/lab_2-4Dinamic/ui/ui.c"],"name":"Afisare","regions":[[23,33,29,2,0,0,0,0],[24,8,24,19,0,0,0,0],[24,20,25,9,0,0,0,3],[25,9,25,38,0,0,0,0],[26,17,26,27,0,0,0,0],[26,28,26,31,0,0,0,0],[26,32,27,9,0,0,0,3],[27,9,28,70,0,0,0,0]]},{"branches":[[43,12,43,26,0,0,0,0,4]],"count":0,"filenames":["/Users/titienipaul/Library/Mobile Documents/com~apple~CloudDocs/lab_2-4Dinamic/ui/ui.c"],"name":"AdaugaOfertaUI","regions":[[31,35,56,2,0,0,0,0],[43,12,43,26,0,0,0,0],[43,27,54,6,0,0,0,0]]},{"branches":[[63,12,63,26,0,0,0,0,4]],"count":0,"filenames":["/Users/titienipaul/Library/Mobile Documents/com~apple~CloudDocs/lab_2-4Dinamic/ui/ui.c"],"name":"StergeOfertaUI","regions":[[58,35,70,2,0,0,0,0],[63,12,63,26,0,0,0,0],[63,27,68,6,0,0,0,0]]},{"branches":[[86,12,86,28,0,0,0,0,4]],"count":0,"filenames":["/Users/titienipaul/Library/Mobile Documents/com~apple~CloudDocs/lab_2-4Dinamic/ui/ui.c"],"name":"ModificaOfertaUI","regions":[[72,37,101,2,0,0,0,0],[86,12,86,28,0,0,0,0],[86,29,99,6,0,0,0,0]]},{"branches":[[108,9,108,28,0,0,0,0,4],[112,14,112,33,0,0,0,0,4]],"count":0,"filenames":["/Users/titienipaul/Library/Mobile Documents/com~apple~CloudDocs/lab_2-4Dinamic/ui/ui.c"],"name":"SortarePretOfertaUI","regions":[[103,40,116,2,0,0,0,0],[108,9,108,28,0,0,0,0],[108,29,111,6,0,0,0,0],[111,6,112,10,0,0,0,3],[112,10,115,6,0,0,0,0],[112,14,112,33,0,0,0,0],[112,34,115,6,0,0,0,0]]},{"branches":[[122,9,122,28,0,0,0,0,4],[126,14,126,33,0,0,0,0,4]],"count":0,"filenames":["/Users/titienipaul/Library/Mobile Documents/com~apple~CloudDocs/lab_2-4Dinamic/ui/ui.c"],"name":"SortareDataOfertaUI","regions":[[118,40,130,2,0,0,0,0],[122,9,122,28,0,0,0,0],[122,29,125,6,0,0,0,0],[125,6,126,10,0,0,0,3],[126,10,129,6,0,0,0,0],[126,14,126,33,0,0,0,0],[126,34,129,6,0,0,0,0]]},{"branches":[[139,8,139,17,0,0,0,0,4],[140,13,140,32,0,0,0,0,4],[143,20,143,39,0,0,0,0,4],[148,13,148,22,0,0,0,0,4],[149,13,149,32,0,0,0,0,4],[152,20,152,39,0,0,0,0,4]],"count":0,"filenames":["/Users/titienipaul/Library/Mobile Documents/com~apple~CloudDocs/lab_2-4Dinamic/ui/ui.c"],"name":"SortareDupa2CriteriiUi","regions":[[132,43,157,2,0,0,0,0],[139,8,139,17,0,0,0,0],[139,18,139,19,0,0,0,3],[139,19,147,6,0,0,0,0],[140,13,140,32,0,0,0,0],[140,33,140,34,0,0,0,3],[140,34,143,10,0,0,0,0],[143,10,143,16,0,0,0,3],[143,16,146,10,0,0,0,0],[143,20,143,39,0,0,0,0],[143,40,143,41,0,0,0,3],[143,41,146,10,0,0,0,0],[147,6,148,10,0,0,0,3],[148,10,156,6,0,0,0,0],[148,13,148,22,0,0,0,0],[148,23,148,24,0,0,0,3],[148,24,156,6,0,0,0,0],[149,13,149,32,0,0,0,0],[149,33,149,34,0,0,0,3],[149,34,152,10,0,0,0,0],[152,10,152,16,0,0,0,3],[152,16,155,10,0,0,0,0],[152,20,152,39,0,0,0,0],[152,40,152,41,0,0,0,3],[152,41,155,10,0,0,0,0]]},{"branches":[[166,9,166,28,0,0,0,0,4],[171,14,171,33,0,0,0,0,4]],"count":0,"filenames":["/Users/titienipaul/Library/Mobile Documents/com~apple~CloudDocs/lab_2-4Dinamic/ui/ui.c"],"name":"FiltruPretUI","regions":[[159,33,177,2,0,0,0,0],[166,9,166,28,0,0,0,0],[166,29,170,6,0,0,0,0],[170,6,171,10,0,0,0,3],[171,10,175,6,0,0,0,0],[171,14,171,33,0,0,0,0],[171,34,175,6,0,0,0,0],[176,1,176,1,0,0,0,2]]},{"branches":[],"count":0,"filenames":["/Users/titienipaul/Library/Mobile Documents/com~apple~CloudDocs/lab_2-4Dinamic/ui/ui.c"],"name":"FiltruTipUI","regions":[[179,32,186,2,0,0,0,0]]},{"branches":[],"count":0,"filenames":["/Users/titienipaul/Library/Mobile Documents/com~apple~CloudDocs/lab_2-4Dinamic/ui/ui.c"],"name":"FiltruDataUI","regions":[[188,33,195,2,0,0,0,0]]},{"branches":[],"count":0,"filenames":["/Users/titienipaul/Library/Mobile Documents/com~apple~CloudDocs/lab_2-4Dinamic/ui/ui.c"],"name":"Meniu","regions":[[197,13,200,2,0,0,0,0]]},{"branches":[[203,8,203,25,0,0,0,0,4]],"count":0,"filenames":["/Users/titienipaul/Library/Mobile Documents/com~apple~CloudDocs/lab_2-4Dinamic/ui/ui.c"],"name":"UndoUi","regions":[[202,27,207,2,0,0,0,0],[203,8,203,25,0,0,0,0],[203,26,204,9,0,0,0,3],[204,9,204,42,0,0,0,0],[204,43,206,9,0,0,0,3],[206,9,206,19,0,0,0,0]]},{"branches":[[217,13,217,27,0,0,0,0,4],[220,18,220,32,0,0,0,0,4],[223,18,223,32,0,0,0,0,4],[226,18,226,32,0,0,0,0,4],[229,18,229,32,0,0,0,0,4],[232,18,232,32,0,0,0,0,4],[235,18,235,32,0,0,0,0,4],[238,18,238,32,0,0,0,0,4],[241,18,241,32,0,0,0,0,4],[244,17,244,31,0,0,0,0,4],[247,18,247,32,0,0,0,0,4],[250,18,250,32,0,0,0,0,4],[253,18,253,32,0,0,0,0,4],[256,18,256,32,0,0,0,0,4]],"count":0,"filenames":["/Users/titienipaul/Library/Mobile Documents/com~apple~CloudDocs/lab_2-4Dinamic/ui/ui.c"],"name":"run","regions":[[209,11,263,2,0,0,0,0],[212,12,212,13,0,0,0,0],[212,14,261,6,0,0,0,0],[216,1,216,1,0,0,0,2],[217,13,217,27,0,0,0,0],[217,28,218,13,0,0,0,3],[218,13,218,18,0,0,0,0],[218,19,220,14,0,0,0,3],[219,1,219,1,0,0,0,2],[220,14,260,44,0,0,0,0],[220,18,220,32,0,0,0,0],[220,33,221,13,0,0,0,3],[221,13,221,37,0,0,0,0],[221,38,223,14,0,0,0,3],[222,1,222,1,0,0,0,2],[223,14,260,44,0,0,0,0],[223,18,223,32,0,0,0,0],[223,33,224,13,0,0,0,3],[224,13,224,32,0,0,0,0],[224,33,226,14,0,0,0,3],[225,1,225,1,0,0,0,2],[226,14,260,44,0,0,0,0],[226,18,226,32,0,0,0,0],[226,33,227,13,0,0,0,3],[227,13,227,20,0,0,0,0],[227,21,229,14,0,0,0,3],[228,1,228,1,0,0,0,2],[229,14,260,44,0,0,0,0],[229,18,229,32,0,0,0,0],[229,33,230,13,0,0,0,3],[230,13,230,34,0,0,0,0],[230,35,232,14,0,0,0,3],[231,1,231,1,0,0,0,2],[232,14,260,44,0,0,0,0],[232,18,232,32,0,0,0,0],[232,33,233,13,0,0,0,3],[233,13,233,34,0,0,0,0],[233,35,235,14,0,0,0,3],[234,1,234,1,0,0,0,2],[235,14,260,44,0,0,0,0],[235,18,235,32,0,0,0,0],[235,33,236,13,0,0,0,3],[236,13,236,36,0,0,0,0],[236,37,238,14,0,0,0,3],[237,1,237,1,0,0,0,2],[238,14,260,44,0,0,0,0],[238,18,238,32,0,0,0,0],[238,33,239,13,0,0,0,3],[239,13,239,39,0,0,0,0],[239,40,241,14,0,0,0,3],[240,1,240,1,0,0,0,2],[241,14,260,44,0,0,0,0],[241,18,241,32,0,0,0,0],[241,33,242,13,0,0,0,3],[242,13,242,39,0,0,0,0],[242,40,244,14,0,0,0,3],[243,1,243,1,0,0,0,2],[244,14,260,44,0,0,0,0],[244,17,244,31,0,0,0,0],[244,32,245,13,0,0,0,3],[245,13,245,42,0,0,0,0],[245,43,247,14,0,0,0,3],[246,1,246,1,0,0,0,2],[247,14,260,44,0,0,0,0],[247,18,247,32,0,0,0,0],[247,33,248,13,0,0,0,3],[248,13,248,32,0,0,0,0],[248,33,250,14,0,0,0,3],[249,1,249,1,0,0,0,2],[250,14,260,44,0,0,0,0],[250,18,250,32,0,0,0,0],[250,33,251,13,0,0,0,3],[251,13,251,31,0,0,0,0],[251,32,253,14,0,0,0,3],[252,1,252,1,0,0,0,2],[253,14,260,44,0,0,0,0],[253,18,253,32,0,0,0,0],[253,33,254,13,0,0,0,3],[254,13,254,32,0,0,0,0],[254,33,256,14,0,0,0,3],[255,1,255,1,0,0,0,2],[256,14,260,44,0,0,0,0],[256,18,256,32,0,0,0,0],[256,33,257,13,0,0,0,3],[257,13,257,26,0,0,0,0],[257,27,260,13,0,0,0,3],[258,1,258,1,0,0,0,2],[260,13,260,44,0,0,0,0]]}],"totals":{"branches":{"count":198,"covered":122,"notcovered":76,"percent":61.616161616161612},"functions":{"count":84,"covered":70,"percent":83.333333333333343},"instantiations":{"count":84,"covered":70,"percent":83.333333333333343},"lines":{"count":1006,"covered":781,"percent":77.634194831013914},"regions":{"count":477,"covered":366,"notcovered":111,"percent":76.729559748427675}}}],"type":"llvm.coverage.json.export","version":"2.0.1"}