{"data":[{"files":[{"branches":[[40,8,40,33,5,2,0,0,4],[40,39,40,50,4,1,0,0,4],[40,55,40,68,4,0,0,0,4],[40,73,40,86,4,0,0,0,4],[47,8,47,17,1,2,0,0,4]],"expansions":[],"filename":"/Users/titienipaul/Desktop/Facultate/sem2/OOP/lab6/Domain/produs.cpp","segments":[[7,32,265,true,true,false],[9,2,0,false,false,false],[11,31,216,true,true,false],[13,2,0,false,false,false],[15,29,112,true,true,false],[17,2,0,false,false,false],[19,38,193,true,true,false],[21,2,0,false,false,false],[23,34,3,true,true,false],[25,2,0,false,false,false],[27,34,3,true,true,false],[29,2,0,false,false,false],[31,32,3,true,true,false],[33,2,0,false,false,false],[35,41,3,true,true,false],[37,2,0,false,false,false],[39,42,7,true,true,false],[40,8,7,true,true,false],[40,33,7,true,false,false],[40,39,5,true,true,false],[40,50,7,true,false,false],[40,55,4,true,true,false],[40,68,7,true,false,false],[40,73,4,true,true,false],[40,86,7,true,false,false],[40,87,4,true,false,true],[41,9,4,true,true,false],[41,20,7,true,false,false],[41,21,3,true,false,true],[42,5,3,true,true,false],[42,17,7,true,false,false],[43,1,0,false,true,false],[43,1,7,true,false,false],[44,2,0,false,false,false],[46,43,3,true,true,false],[47,8,3,true,true,false],[47,17,3,true,false,false],[47,18,1,true,false,true],[48,9,1,true,true,false],[48,21,3,true,false,false],[48,22,2,true,false,true],[49,5,2,true,true,false],[49,16,3,true,false,false],[50,2,0,false,false,false]],"summary":{"branches":{"count":10,"covered":8,"notcovered":2,"percent":80},"functions":{"count":10,"covered":10,"percent":100},"instantiations":{"count":10,"covered":10,"percent":100},"lines":{"count":34,"covered":34,"percent":100},"regions":{"count":22,"covered":22,"notcovered":0,"percent":100}}},{"branches":[],"expansions":[],"filename":"/Users/titienipaul/Desktop/Facultate/sem2/OOP/lab6/Domain/produs.h","segments":[[26,164,58,true,true,false],[26,166,0,false,false,false],[28,20,70,true,true,false],[28,21,0,false,false,false],[30,29,29,true,true,false],[36,6,0,false,false,false],[94,18,0,true,true,false],[96,6,0,false,false,false]],"summary":{"branches":{"count":0,"covered":0,"notcovered":0,"percent":0},"functions":{"count":4,"covered":3,"percent":75},"instantiations":{"count":4,"covered":3,"percent":75},"lines":{"count":12,"covered":9,"percent":75},"regions":{"count":4,"covered":3,"notcovered":1,"percent":75}}},{"branches":[],"expansions":[],"filename":"/Users/titienipaul/Desktop/Facultate/sem2/OOP/lab6/Exceptii/exceptions.h","segments":[[17,57,13,true,true,false],[17,59,0,false,false,false],[24,23,1,true,true,false],[26,6,0,false,false,false]],"summary":{"branches":{"count":0,"covered":0,"notcovered":0,"percent":0},"functions":{"count":2,"covered":2,"percent":100},"instantiations":{"count":2,"covered":2,"percent":100},"lines":{"count":4,"covered":4,"percent":100},"regions":{"count":2,"covered":2,"notcovered":0,"percent":100}}},{"branches":[[63,8,63,25,1,3,0,0,4]],"expansions":[],"filename":"/Users/titienipaul/Desktop/Facultate/sem2/OOP/lab6/MyVector/Iterator.h","segments":[[11,52,1,true,true,false],[11,54,0,false,false,false],[12,97,2,true,true,false],[12,99,0,false,false,false],[33,37,1,true,true,false],[35,2,0,false,false,false],[38,40,2,true,true,false],[40,2,0,false,false,false],[43,45,7,true,true,false],[45,2,0,false,false,false],[48,63,3,true,true,false],[51,2,0,false,false,false],[62,77,4,true,true,false],[63,8,4,true,true,false],[63,25,4,true,false,false],[63,26,1,true,false,true],[64,9,1,true,true,false],[64,21,4,true,false,false],[64,22,3,true,false,true],[65,5,3,true,true,false],[65,16,4,true,false,false],[66,2,0,false,false,false]],"summary":{"branches":{"count":2,"covered":2,"notcovered":0,"percent":100},"functions":{"count":7,"covered":7,"percent":100},"instantiations":{"count":7,"covered":7,"percent":100},"lines":{"count":20,"covered":20,"percent":100},"regions":{"count":10,"covered":10,"notcovered":0,"percent":100}}},{"branches":[[84,8,84,13,10,25,0,0,4],[104,17,104,20,20,10,0,0,4]],"expansions":[],"filename":"/Users/titienipaul/Desktop/Facultate/sem2/OOP/lab6/MyVector/vector.h","segments":[[36,39,1,true,true,false],[38,6,0,false,false,false],[40,36,1,true,true,false],[42,6,0,false,false,false],[44,34,1,true,true,false],[46,6,0,false,false,false],[52,62,15,true,true,false],[52,64,0,false,false,false],[78,50,402,true,true,false],[80,2,0,false,false,false],[83,59,35,true,true,false],[84,8,35,true,true,false],[84,13,35,true,false,false],[84,14,10,true,false,true],[85,9,10,true,true,false],[85,25,35,true,false,false],[87,2,0,false,false,false],[90,33,6,true,true,false],[92,2,0,false,false,false],[95,44,218,true,true,false],[97,2,0,false,false,false],[101,50,10,true,true,false],[104,17,30,true,true,false],[104,20,10,true,false,false],[104,21,20,true,true,false],[104,24,10,true,false,false],[104,25,20,true,false,true],[105,9,20,true,true,false],[105,30,10,true,false,false],[108,2,0,false,false,false],[111,46,3,true,true,false],[113,2,0,false,false,false],[116,37,2,true,true,false],[118,2,0,false,false,false],[121,29,15,true,true,false],[123,2,0,false,false,false]],"summary":{"branches":{"count":4,"covered":4,"notcovered":0,"percent":100},"functions":{"count":12,"covered":12,"percent":100},"instantiations":{"count":12,"covered":12,"percent":100},"lines":{"count":41,"covered":41,"percent":100},"regions":{"count":17,"covered":17,"notcovered":0,"percent":100}}},{"branches":[[5,17,5,39,28,29,0,0,4],[6,12,6,65,28,0,0,0,4],[6,12,7,104,1,27,0,0,4],[6,70,6,109,13,15,0,0,4],[7,17,7,58,1,12,0,0,4],[7,63,7,104,1,0,0,0,4],[15,17,15,39,20,9,0,0,4],[16,12,16,65,20,0,0,0,4],[16,12,17,99,6,14,0,0,4],[16,70,16,109,16,4,0,0,4],[17,12,17,53,6,10,0,0,4],[17,58,17,99,6,0,0,0,4],[19,8,19,15,3,6,0,0,4],[22,21,22,43,8,6,0,0,4],[33,17,33,39,4,4,0,0,4],[34,12,34,65,4,0,0,0,4],[34,12,35,99,2,2,0,0,4],[34,70,34,109,2,2,0,0,4],[35,12,35,53,2,0,0,0,4],[35,58,35,99,2,0,0,0,4],[42,8,42,15,2,2,0,0,4],[48,17,48,39,2,4,0,0,4],[49,12,49,65,2,0,0,0,4],[49,12,50,99,2,0,0,0,4],[49,70,49,109,2,0,0,0,4],[50,12,50,53,2,0,0,0,4],[50,58,50,99,2,0,0,0,4],[52,8,52,15,2,2,0,0,4]],"expansions":[],"filename":"/Users/titienipaul/Desktop/Facultate/sem2/OOP/lab6/Repo/repo.cpp","segments":[[4,40,30,true,true,false],[5,17,57,true,true,false],[5,39,30,true,false,false],[5,40,27,true,true,false],[5,43,30,true,false,false],[5,44,28,true,false,true],[6,9,28,true,true,false],[6,12,28,true,true,false],[6,65,28,true,false,false],[6,70,28,true,true,false],[6,109,28,true,false,false],[7,17,13,true,true,false],[7,58,28,true,false,false],[7,63,1,true,true,false],[7,104,28,true,false,false],[7,105,1,true,false,true],[8,13,1,true,true,false],[8,57,30,true,false,false],[8,58,29,true,false,true],[9,1,0,false,true,false],[9,1,29,true,false,true],[10,5,29,true,true,false],[11,2,0,false,false,false],[13,49,9,true,true,false],[15,17,29,true,true,false],[15,39,9,true,false,false],[15,40,20,true,true,false],[15,43,9,true,false,false],[15,44,20,true,false,true],[16,9,20,true,true,false],[16,12,20,true,true,false],[16,65,20,true,false,false],[16,70,20,true,true,false],[16,109,20,true,false,false],[17,12,16,true,true,false],[17,53,20,true,false,false],[17,58,6,true,true,false],[17,99,20,true,false,false],[17,100,6,true,false,true],[18,13,6,true,true,false],[18,24,9,true,false,false],[19,8,9,true,true,false],[19,15,9,true,false,false],[19,16,3,true,false,true],[20,9,3,true,true,false],[20,51,9,true,false,false],[20,52,6,true,false,true],[21,5,6,true,true,false],[22,21,14,true,true,false],[22,43,6,true,false,false],[22,44,8,true,true,false],[22,47,6,true,false,false],[22,48,8,true,false,true],[23,9,8,true,true,false],[23,44,6,true,false,false],[25,2,0,false,false,false],[27,53,50,true,true,false],[29,2,0,false,false,false],[31,63,4,true,true,false],[33,17,8,true,true,false],[33,39,4,true,false,false],[33,40,4,true,true,false],[33,43,4,true,false,false],[34,9,4,true,true,false],[34,12,4,true,true,false],[34,65,4,true,false,false],[34,70,4,true,true,false],[34,109,4,true,false,false],[35,12,2,true,true,false],[35,53,4,true,false,false],[35,58,2,true,true,false],[35,99,4,true,false,false],[35,100,2,true,true,false],[41,10,4,true,false,false],[42,8,4,true,true,false],[42,15,4,true,false,false],[42,16,2,true,false,true],[43,9,2,true,true,false],[43,51,4,true,false,false],[44,2,0,false,false,false],[46,41,4,true,true,false],[48,17,6,true,true,false],[48,39,4,true,false,false],[48,40,2,true,true,false],[48,43,4,true,false,false],[48,44,2,true,false,true],[49,9,2,true,true,false],[49,12,2,true,true,false],[49,65,2,true,false,false],[49,70,2,true,true,false],[49,109,2,true,false,false],[50,12,2,true,true,false],[50,53,2,true,false,false],[50,58,2,true,true,false],[50,99,2,true,false,false],[51,13,2,true,true,false],[51,24,4,true,false,false],[52,8,4,true,true,false],[52,15,4,true,false,false],[52,16,2,true,false,true],[53,9,2,true,true,false],[53,51,4,true,false,false],[54,2,0,false,false,false]],"summary":{"branches":{"count":56,"covered":44,"notcovered":12,"percent":78.571428571428569},"functions":{"count":5,"covered":5,"percent":100},"instantiations":{"count":5,"covered":5,"percent":100},"lines":{"count":46,"covered":46,"percent":100},"regions":{"count":60,"covered":60,"notcovered":0,"percent":100}}},{"branches":[],"expansions":[],"filename":"/Users/titienipaul/Desktop/Facultate/sem2/OOP/lab6/Repo/repo.h","segments":[[18,24,13,true,true,false],[18,25,0,false,false,false]],"summary":{"branches":{"count":0,"covered":0,"notcovered":0,"percent":0},"functions":{"count":1,"covered":1,"percent":100},"instantiations":{"count":1,"covered":1,"percent":100},"lines":{"count":1,"covered":1,"percent":100},"regions":{"count":1,"covered":1,"notcovered":0,"percent":100}}},{"branches":[[8,8,8,20,1,14,0,0,4],[20,8,20,20,2,6,0,0,4],[24,17,24,31,14,6,0,0,4],[26,12,26,53,14,0,0,0,4],[26,12,27,75,4,10,0,0,4],[26,58,26,85,14,0,0,0,4],[27,12,27,41,4,10,0,0,4],[27,46,27,75,4,0,0,0,4],[39,8,39,20,1,2,0,0,4],[53,17,53,27,3,1,0,0,4],[54,12,54,33,2,1,0,0,4],[62,17,62,27,3,1,0,0,4],[63,12,63,33,1,2,0,0,4],[71,17,71,27,3,1,0,0,4],[72,12,72,45,3,0,0,0,4],[78,8,78,14,2,2,0,0,4],[79,25,79,56,4,2,0,0,4],[80,29,80,58,6,4,0,0,4],[81,21,81,73,3,3,0,0,4],[88,25,88,56,4,2,0,0,4],[89,29,89,58,6,4,0,0,4],[90,21,90,73,6,0,0,0,4],[99,8,99,14,1,1,0,0,4],[100,25,100,56,3,1,0,0,4],[101,29,101,58,6,3,0,0,4],[102,21,102,74,3,3,0,0,4],[103,24,103,74,2,1,0,0,4],[109,24,109,74,2,1,0,0,4],[116,25,116,56,3,1,0,0,4],[117,29,117,58,6,3,0,0,4],[118,21,118,74,4,2,0,0,4],[119,24,119,75,4,0,0,0,4],[125,24,125,75,2,0,0,0,4]],"expansions":[],"filename":"/Users/titienipaul/Desktop/Facultate/sem2/OOP/lab6/Service/service.cpp","segments":[[5,94,15,true,true,false],[8,8,15,true,true,false],[8,20,15,true,false,false],[8,21,1,true,false,true],[9,9,1,true,true,false],[9,29,15,true,false,false],[9,30,14,true,false,true],[10,5,14,true,true,false],[11,2,0,false,false,false],[13,50,38,true,true,false],[15,2,0,false,false,false],[17,105,8,true,true,false],[20,8,8,true,true,false],[20,20,8,true,false,false],[20,21,2,true,false,true],[21,9,2,true,true,false],[21,29,8,true,false,false],[21,30,6,true,false,true],[22,5,6,true,true,false],[24,17,20,true,true,false],[24,31,6,true,false,false],[24,32,14,true,true,false],[24,35,6,true,false,false],[24,36,14,true,true,false],[26,12,14,true,true,false],[26,53,14,true,false,false],[26,58,14,true,true,false],[26,85,14,true,false,false],[27,12,14,true,true,false],[27,41,14,true,false,false],[27,46,4,true,true,false],[27,75,14,true,false,false],[27,76,4,true,false,true],[28,13,4,true,true,false],[28,18,14,true,false,false],[29,6,6,true,false,false],[31,2,0,false,false,false],[35,62,3,true,true,false],[39,8,3,true,true,false],[39,20,3,true,false,false],[39,21,1,true,false,true],[40,9,1,true,true,false],[40,29,3,true,false,false],[40,30,2,true,false,true],[41,5,2,true,true,false],[42,2,0,false,false,false],[44,110,2,true,true,false],[46,1,0,false,true,false],[46,15,2,true,false,false],[48,2,0,false,false,false],[50,62,1,true,true,false],[53,17,4,true,true,false],[53,27,1,true,false,false],[53,28,3,true,true,false],[53,31,1,true,false,false],[53,32,3,true,false,true],[54,9,3,true,true,false],[54,12,3,true,true,false],[54,33,3,true,false,false],[54,34,2,true,false,true],[55,13,2,true,true,false],[55,30,1,true,false,false],[57,2,0,false,false,false],[59,65,1,true,true,false],[62,17,4,true,true,false],[62,27,1,true,false,false],[62,28,3,true,true,false],[62,31,1,true,false,false],[62,32,3,true,false,true],[63,9,3,true,true,false],[63,12,3,true,true,false],[63,33,3,true,false,false],[63,34,1,true,false,true],[64,13,1,true,true,false],[64,30,1,true,false,false],[66,2,0,false,false,false],[68,82,1,true,true,false],[71,17,4,true,true,false],[71,27,1,true,false,false],[71,28,3,true,true,false],[71,31,1,true,false,false],[71,32,3,true,false,true],[72,9,3,true,true,false],[72,12,3,true,true,false],[72,45,3,true,false,false],[73,13,3,true,true,false],[73,30,1,true,false,false],[75,2,0,false,false,false],[77,81,4,true,true,false],[78,8,4,true,true,false],[78,14,4,true,false,false],[78,15,2,true,false,true],[78,16,2,true,true,false],[79,25,6,true,true,false],[79,56,2,true,false,false],[79,58,4,true,true,false],[79,61,2,true,false,false],[79,62,4,true,false,true],[80,13,4,true,true,false],[80,29,10,true,true,false],[80,58,4,true,false,false],[80,60,6,true,true,false],[80,63,4,true,false,false],[80,64,6,true,false,true],[81,17,6,true,true,false],[81,21,6,true,true,false],[81,73,6,true,false,false],[81,74,3,true,false,true],[81,75,3,true,true,false],[85,18,2,true,false,false],[87,9,2,true,true,false],[88,25,6,true,true,false],[88,56,2,true,false,false],[88,58,4,true,true,false],[88,61,2,true,false,false],[88,62,4,true,false,true],[89,13,4,true,true,false],[89,29,10,true,true,false],[89,58,4,true,false,false],[89,60,6,true,true,false],[89,63,4,true,false,false],[89,64,6,true,false,true],[90,17,6,true,true,false],[90,21,6,true,true,false],[90,73,6,true,false,false],[90,75,6,true,true,false],[94,18,2,true,false,false],[95,6,4,true,false,false],[96,2,0,false,false,false],[98,132,2,true,true,false],[99,8,2,true,true,false],[99,14,2,true,false,false],[99,15,1,true,false,true],[99,16,1,true,true,false],[100,25,4,true,true,false],[100,56,1,true,false,false],[100,58,3,true,true,false],[100,61,1,true,false,false],[100,62,3,true,false,true],[101,13,3,true,true,false],[101,29,9,true,true,false],[101,58,3,true,false,false],[101,60,6,true,true,false],[101,63,3,true,false,false],[101,64,6,true,false,true],[102,17,6,true,true,false],[102,21,6,true,true,false],[102,74,6,true,false,false],[102,75,3,true,false,true],[102,76,3,true,true,false],[103,24,3,true,true,false],[103,74,3,true,false,false],[103,75,2,true,true,false],[107,22,3,true,false,false],[108,18,6,true,false,false],[108,22,3,true,false,true],[109,21,3,true,true,false],[109,24,3,true,true,false],[109,74,3,true,false,false],[109,75,2,true,true,false],[113,18,1,true,false,false],[115,9,1,true,true,false],[116,25,4,true,true,false],[116,56,1,true,false,false],[116,58,3,true,true,false],[116,61,1,true,false,false],[116,62,3,true,false,true],[117,13,3,true,true,false],[117,29,9,true,true,false],[117,58,3,true,false,false],[117,60,6,true,true,false],[117,63,3,true,false,false],[117,64,6,true,false,true],[118,17,6,true,true,false],[118,21,6,true,true,false],[118,74,6,true,false,false],[118,75,4,true,false,true],[118,76,4,true,true,false],[119,24,4,true,true,false],[119,75,4,true,false,false],[119,76,4,true,true,false],[123,22,4,true,false,false],[124,18,6,true,false,false],[124,22,2,true,false,true],[125,21,2,true,true,false],[125,24,2,true,true,false],[125,75,2,true,false,false],[125,76,2,true,true,false],[129,18,1,true,false,false],[130,6,2,true,false,false],[131,2,0,false,false,false]],"summary":{"branches":{"count":66,"covered":59,"notcovered":7,"percent":89.393939393939391},"functions":{"count":10,"covered":10,"percent":100},"instantiations":{"count":10,"covered":10,"percent":100},"lines":{"count":115,"covered":115,"percent":100},"regions":{"count":93,"covered":93,"notcovered":0,"percent":100}}},{"branches":[],"expansions":[],"filename":"/Users/titienipaul/Desktop/Facultate/sem2/OOP/lab6/Service/service.h","segments":[[17,48,9,true,true,false],[17,50,0,false,false,false]],"summary":{"branches":{"count":0,"covered":0,"notcovered":0,"percent":0},"functions":{"count":1,"covered":1,"percent":100},"instantiations":{"count":1,"covered":1,"percent":100},"lines":{"count":1,"covered":1,"percent":100},"regions":{"count":1,"covered":1,"notcovered":0,"percent":100}}},{"branches":[[28,8,28,14,0,1,0,0,4],[33,8,33,14,0,1,0,0,4],[327,23,327,24,3,1,0,0,4]],"expansions":[],"filename":"/Users/titienipaul/Desktop/Facultate/sem2/OOP/lab6/Teste/tests.cpp","segments":[[12,19,1,true,true,false],[15,32,1,true,false,true],[16,11,1,true,true,false],[16,37,1,true,false,true],[17,11,1,true,true,false],[17,34,1,true,false,true],[18,11,1,true,true,false],[18,41,1,true,false,true],[19,5,1,true,true,false],[20,36,1,true,false,true],[21,5,1,true,true,false],[22,36,1,true,false,true],[23,5,1,true,true,false],[24,31,1,true,false,true],[25,5,1,true,true,false],[26,38,1,true,false,true],[27,11,1,true,true,false],[27,19,1,true,false,true],[28,5,1,true,true,false],[28,8,1,true,true,false],[28,14,1,true,false,false],[28,15,0,true,false,true],[29,9,1,true,false,false],[32,1,0,false,true,false],[32,1,1,true,false,true],[33,5,1,true,true,false],[33,8,1,true,true,false],[33,14,1,true,false,false],[33,15,0,true,false,true],[34,9,1,true,false,false],[37,2,0,false,false,false],[39,18,1,true,true,false],[46,28,1,true,false,true],[47,5,1,true,true,false],[49,28,1,true,false,true],[50,5,1,true,true,false],[50,8,1,true,true,false],[53,6,1,true,false,false],[53,26,1,true,true,false],[55,6,1,true,false,false],[56,2,0,false,false,false],[58,19,1,true,true,false],[67,28,1,true,false,true],[68,5,1,true,true,false],[70,28,1,true,false,true],[71,11,1,true,true,false],[71,42,1,true,false,true],[72,5,1,true,true,false],[72,8,1,true,true,false],[75,6,1,true,false,false],[75,26,1,true,true,false],[77,6,1,true,false,false],[78,2,0,false,false,false],[80,21,1,true,true,false],[86,51,1,true,false,true],[87,11,1,true,true,false],[87,51,1,true,false,true],[88,11,1,true,true,false],[88,45,1,true,false,true],[89,11,1,true,true,false],[89,56,1,true,false,true],[90,5,1,true,true,false],[90,8,1,true,true,false],[93,6,1,true,false,false],[93,25,1,true,true,false],[95,6,1,true,false,false],[96,2,0,false,false,false],[98,18,1,true,true,false],[101,9,1,true,true,false],[104,6,1,true,false,false],[104,26,1,true,true,false],[106,6,1,true,false,true],[107,5,1,true,true,false],[109,2,0,false,false,false],[112,22,1,true,true,false],[113,9,1,true,true,false],[115,6,1,true,false,false],[115,28,1,true,true,false],[117,32,1,true,false,true],[118,15,1,true,true,false],[119,6,1,true,false,false],[120,2,0,false,false,false],[124,16,1,true,true,false],[130,8,1,true,true,false],[133,6,1,true,false,false],[133,25,1,true,true,false],[135,6,1,true,false,true],[136,5,1,true,true,false],[137,28,1,true,false,true],[138,11,1,true,true,false],[138,42,1,true,false,true],[139,11,1,true,true,false],[139,39,1,true,false,true],[140,11,1,true,true,false],[141,2,0,false,false,false],[143,27,2,true,true,false],[149,8,2,true,true,false],[152,6,2,true,false,false],[152,25,2,true,true,false],[154,6,2,true,false,true],[155,5,2,true,true,false],[156,28,2,true,false,true],[157,5,2,true,true,false],[158,28,2,true,false,true],[159,5,2,true,true,false],[159,8,2,true,true,false],[162,6,2,true,false,false],[162,25,2,true,true,false],[164,6,2,true,false,true],[165,5,2,true,true,false],[166,28,2,true,false,true],[167,11,2,true,true,false],[168,2,0,false,false,false],[170,29,1,true,true,false],[175,52,1,true,false,true],[176,11,1,true,true,false],[176,49,1,true,false,true],[177,11,1,true,true,false],[177,45,1,true,false,true],[178,11,1,true,true,false],[178,56,1,true,false,true],[179,5,1,true,true,false],[179,8,1,true,true,false],[182,6,1,true,false,false],[182,25,1,true,true,false],[184,6,1,true,false,true],[185,5,1,true,true,false],[185,8,1,true,true,false],[188,6,1,true,false,false],[188,25,1,true,true,false],[190,6,1,true,false,false],[191,2,0,false,false,false],[193,26,1,true,true,false],[196,8,1,true,true,false],[199,6,1,true,false,false],[199,26,1,true,true,false],[201,6,1,true,false,true],[202,5,1,true,true,false],[204,2,0,false,false,false],[206,21,1,true,true,false],[212,45,1,true,false,true],[213,11,1,true,true,false],[213,51,1,true,false,true],[214,11,1,true,true,false],[215,2,0,false,false,false],[217,29,1,true,true,false],[227,47,1,true,false,true],[228,11,1,true,true,false],[228,47,1,true,false,true],[229,11,1,true,true,false],[229,47,1,true,false,true],[230,5,1,true,true,false],[231,47,1,true,false,true],[232,11,1,true,true,false],[232,47,1,true,false,true],[233,11,1,true,true,false],[233,47,1,true,false,true],[234,1,0,false,true,false],[234,1,1,true,false,true],[235,5,1,true,true,false],[236,55,1,true,false,true],[237,11,1,true,true,false],[237,54,1,true,false,true],[238,11,1,true,true,false],[238,51,1,true,false,true],[239,1,0,false,true,false],[239,1,1,true,false,true],[240,5,1,true,true,false],[241,51,1,true,false,true],[242,11,1,true,true,false],[242,54,1,true,false,true],[243,11,1,true,true,false],[244,2,0,false,false,false],[246,31,1,true,true,false],[258,55,1,true,false,true],[259,11,1,true,true,false],[259,52,1,true,false,true],[260,11,1,true,true,false],[260,55,1,true,false,true],[261,11,1,true,true,false],[261,54,1,true,false,true],[262,11,1,true,true,false],[262,54,1,true,false,true],[263,11,1,true,true,false],[263,53,1,true,false,true],[264,11,1,true,true,false],[264,54,1,true,false,true],[265,11,1,true,true,false],[265,53,1,true,false,true],[266,5,1,true,true,false],[267,54,1,true,false,true],[268,11,1,true,true,false],[268,53,1,true,false,true],[269,11,1,true,true,false],[269,54,1,true,false,true],[270,11,1,true,true,false],[270,53,1,true,false,true],[271,11,1,true,true,false],[271,55,1,true,false,true],[272,11,1,true,true,false],[272,54,1,true,false,true],[273,11,1,true,true,false],[273,55,1,true,false,true],[274,11,1,true,true,false],[275,1,0,false,true,false],[275,1,1,true,false,false],[276,2,0,false,false,false],[278,16,1,true,true,false],[279,1,0,false,true,false],[279,1,1,true,false,false],[284,11,1,true,true,false],[284,31,1,true,false,true],[285,11,1,true,true,false],[285,31,1,true,false,true],[286,11,1,true,true,false],[286,31,1,true,false,true],[287,11,1,true,true,false],[287,31,1,true,false,true],[288,11,1,true,true,false],[288,30,1,true,false,true],[289,11,1,true,true,false],[290,2,0,false,false,false],[293,19,1,true,true,false],[295,22,1,true,false,true],[296,5,1,true,true,false],[300,23,1,true,false,true],[301,11,1,true,true,false],[301,24,1,true,false,true],[302,11,1,true,true,false],[302,26,1,true,false,true],[303,5,1,true,true,false],[304,24,1,true,false,true],[305,11,1,true,true,false],[305,26,1,true,false,true],[306,5,1,true,true,false],[307,24,1,true,false,true],[308,11,1,true,true,false],[309,2,0,false,false,false],[311,21,1,true,true,false],[321,20,1,true,false,true],[322,11,1,true,true,false],[322,20,1,true,false,true],[323,5,1,true,true,false],[324,20,1,true,false,true],[325,5,1,true,true,false],[326,20,1,true,false,true],[327,5,1,true,true,false],[327,27,3,true,false,true],[328,9,1,true,false,false],[329,2,0,false,false,false],[331,16,1,true,true,false],[332,1,0,false,true,false],[332,13,1,true,false,false],[334,1,0,false,true,false],[334,11,1,true,false,false],[339,1,0,false,true,false],[339,15,1,true,false,false],[342,1,0,false,true,false],[342,14,1,true,false,false],[350,1,0,false,true,false],[350,13,1,true,false,false],[352,1,0,false,true,false],[352,15,1,true,false,false],[354,1,0,false,true,false],[354,12,1,true,false,false],[356,2,0,false,false,false]],"summary":{"branches":{"count":6,"covered":4,"notcovered":2,"percent":66.666666666666657},"functions":{"count":17,"covered":17,"percent":100},"instantiations":{"count":17,"covered":17,"percent":100},"lines":{"count":313,"covered":311,"percent":99.361022364217249},"regions":{"count":122,"covered":122,"notcovered":0,"percent":100}}},{"branches":[[13,8,13,22,0,0,0,0,4],[14,22,14,36,0,0,0,0,4],[138,8,138,44,0,0,0,0,4],[139,32,139,33,0,0,0,0,4],[154,8,154,44,0,0,0,0,4],[155,32,155,33,0,0,0,0,4],[170,8,170,56,0,0,0,0,4],[171,32,171,33,0,0,0,0,4],[183,8,183,34,0,0,0,0,4],[187,13,187,27,0,0,0,0,4],[189,18,189,32,0,0,0,0,4],[191,18,191,32,0,0,0,0,4],[200,8,200,34,0,0,0,0,4],[204,13,204,24,0,0,0,0,4],[208,17,208,25,0,0,0,0,4],[208,29,208,37,0,0,0,0,4],[213,20,213,31,0,0,0,0,4],[217,17,217,25,0,0,0,0,4],[217,29,217,37,0,0,0,0,4],[222,20,222,31,0,0,0,0,4],[226,17,226,25,0,0,0,0,4],[226,29,226,37,0,0,0,0,4],[240,11,240,16,0,0,0,0,4],[244,12,244,20,0,0,0,0,4],[246,17,246,25,0,0,0,0,4],[248,17,248,25,0,0,0,0,4],[250,17,250,25,0,0,0,0,4],[252,17,252,25,0,0,0,0,4],[254,17,254,25,0,0,0,0,4],[256,17,256,25,0,0,0,0,4],[258,17,258,25,0,0,0,0,4],[260,17,260,25,0,0,0,0,4]],"expansions":[],"filename":"/Users/titienipaul/Desktop/Facultate/sem2/OOP/lab6/Ui/ui.cpp","segments":[[11,20,0,true,true,false],[13,8,0,true,true,false],[13,22,0,true,false,false],[13,24,0,true,true,false],[14,22,0,true,true,false],[14,36,0,true,false,false],[14,37,0,true,true,false],[14,40,0,true,false,false],[14,42,0,true,true,false],[20,10,0,true,false,false],[22,9,0,true,true,false],[22,35,0,true,false,false],[23,2,0,false,false,false],[25,23,0,true,true,false],[35,2,0,false,false,false],[37,19,0,true,true,false],[50,8,0,true,true,false],[53,6,0,true,false,false],[53,28,0,true,true,false],[55,6,0,true,false,false],[56,2,0,false,false,false],[58,22,0,true,true,false],[71,8,0,true,true,false],[74,6,0,true,false,false],[74,28,0,true,true,false],[76,6,0,true,false,false],[77,2,0,false,false,false],[79,24,0,true,true,false],[92,8,0,true,true,false],[108,6,0,true,false,false],[108,28,0,true,true,false],[110,6,0,true,false,false],[111,2,0,false,false,false],[113,21,0,true,true,false],[126,8,0,true,true,false],[129,6,0,true,false,false],[129,26,0,true,true,false],[131,6,0,true,false,false],[132,2,0,false,false,false],[134,29,0,true,true,false],[138,8,0,true,true,false],[138,44,0,true,false,false],[138,45,0,true,true,false],[139,62,0,true,false,true],[139,63,0,true,true,false],[145,10,0,true,false,false],[147,9,0,true,true,false],[147,50,0,true,false,false],[148,2,0,false,false,false],[150,29,0,true,true,false],[154,8,0,true,true,false],[154,44,0,true,false,false],[154,45,0,true,true,false],[155,62,0,true,false,true],[155,63,0,true,true,false],[161,10,0,true,false,false],[163,9,0,true,true,false],[163,50,0,true,false,false],[164,2,0,false,false,false],[166,35,0,true,true,false],[170,8,0,true,true,false],[170,56,0,true,false,false],[170,57,0,true,true,false],[171,74,0,true,false,true],[171,75,0,true,true,false],[177,10,0,true,false,false],[179,9,0,true,true,false],[179,56,0,true,false,false],[180,2,0,false,false,false],[182,23,0,true,true,false],[183,8,0,true,true,false],[183,34,0,true,false,false],[183,36,0,true,true,false],[187,13,0,true,true,false],[187,27,0,true,false,false],[188,13,0,true,true,false],[188,31,0,true,false,false],[189,14,0,true,true,false],[189,18,0,true,true,false],[189,32,0,true,false,false],[190,13,0,true,true,false],[190,31,0,true,false,false],[191,14,0,true,true,false],[191,18,0,true,true,false],[191,32,0,true,false,false],[192,13,0,true,true,false],[192,37,0,true,false,false],[194,13,0,true,true,false],[194,42,0,true,false,false],[196,9,0,true,true,false],[196,63,0,true,false,false],[197,2,0,false,false,false],[199,23,0,true,true,false],[200,8,0,true,true,false],[200,34,0,true,false,false],[200,36,0,true,true,false],[204,13,0,true,true,false],[204,24,0,true,false,false],[204,26,0,true,true,false],[208,17,0,true,true,false],[208,25,0,true,false,false],[208,29,0,true,true,false],[208,37,0,true,false,false],[208,39,0,true,true,false],[211,14,0,true,false,true],[212,17,0,true,true,false],[212,71,0,true,false,false],[213,16,0,true,true,false],[213,20,0,true,true,false],[213,31,0,true,false,false],[213,33,0,true,true,false],[217,17,0,true,true,false],[217,25,0,true,false,false],[217,29,0,true,true,false],[217,37,0,true,false,false],[217,39,0,true,true,false],[220,14,0,true,false,true],[221,17,0,true,true,false],[221,71,0,true,false,false],[222,16,0,true,true,false],[222,20,0,true,true,false],[222,31,0,true,false,false],[222,33,0,true,true,false],[226,17,0,true,true,false],[226,25,0,true,false,false],[226,29,0,true,true,false],[226,37,0,true,false,false],[226,39,0,true,true,false],[229,14,0,true,false,true],[230,17,0,true,true,false],[230,71,0,true,false,false],[232,13,0,true,true,false],[232,69,0,true,false,false],[234,9,0,true,true,false],[234,62,0,true,false,false],[235,2,0,false,false,false],[237,18,0,true,true,false],[240,11,0,true,true,false],[240,16,0,true,false,false],[240,17,0,true,true,false],[244,12,0,true,true,false],[244,20,0,true,false,false],[245,13,0,true,true,false],[245,20,0,true,false,false],[246,14,0,true,true,false],[246,17,0,true,true,false],[246,25,0,true,false,false],[247,13,0,true,true,false],[247,25,0,true,false,false],[248,14,0,true,true,false],[248,17,0,true,true,false],[248,25,0,true,false,false],[249,13,0,true,true,false],[249,22,0,true,false,false],[250,14,0,true,true,false],[250,17,0,true,true,false],[250,25,0,true,false,false],[251,13,0,true,true,false],[251,21,0,true,false,false],[252,14,0,true,true,false],[252,17,0,true,true,false],[252,25,0,true,false,false],[253,13,0,true,true,false],[253,24,0,true,false,false],[254,14,0,true,true,false],[254,17,0,true,true,false],[254,25,0,true,false,false],[255,13,0,true,true,false],[255,26,0,true,false,false],[256,14,0,true,true,false],[256,17,0,true,true,false],[256,25,0,true,false,false],[257,13,0,true,true,false],[257,23,0,true,false,false],[258,14,0,true,true,false],[258,17,0,true,true,false],[258,25,0,true,false,false],[259,13,0,true,true,false],[259,26,0,true,false,false],[260,14,0,true,true,false],[260,17,0,true,true,false],[260,25,0,true,false,false],[261,13,0,true,true,false],[261,25,0,true,false,false],[263,13,0,true,true,false],[263,39,0,true,false,false],[265,2,0,false,false,false]],"summary":{"branches":{"count":64,"covered":0,"notcovered":64,"percent":0},"functions":{"count":12,"covered":0,"percent":0},"instantiations":{"count":12,"covered":0,"percent":0},"lines":{"count":244,"covered":0,"percent":0},"regions":{"count":106,"covered":0,"notcovered":106,"percent":0}}},{"branches":[],"expansions":[],"filename":"/Users/titienipaul/Desktop/Facultate/sem2/OOP/lab6/Ui/ui.h","segments":[[10,46,1,true,true,false],[10,48,0,false,false,false]],"summary":{"branches":{"count":0,"covered":0,"notcovered":0,"percent":0},"functions":{"count":1,"covered":1,"percent":100},"instantiations":{"count":1,"covered":1,"percent":100},"lines":{"count":1,"covered":1,"percent":100},"regions":{"count":1,"covered":1,"notcovered":0,"percent":100}}},{"branches":[],"expansions":[],"filename":"/Users/titienipaul/Desktop/Facultate/sem2/OOP/lab6/main.cpp","segments":[[7,11,1,true,true,false],[12,1,0,false,true,false],[14,74,1,true,false,false],[15,2,0,false,false,false]],"summary":{"branches":{"count":0,"covered":0,"notcovered":0,"percent":0},"functions":{"count":1,"covered":1,"percent":100},"instantiations":{"count":1,"covered":1,"percent":100},"lines":{"count":6,"covered":6,"percent":100},"regions":{"count":1,"covered":1,"notcovered":0,"percent":100}}},{"branches":[[4,8,4,35,2,6,0,0,4],[10,8,10,35,7,19,0,0,4],[12,13,12,40,11,8,0,0,4],[18,8,18,33,3,6,0,0,4]],"expansions":[],"filename":"/Users/titienipaul/Desktop/Facultate/sem2/OOP/lab6/utils/utils.cpp","segments":[[3,48,8,true,true,false],[4,8,8,true,true,false],[4,35,8,true,false,false],[4,36,2,true,false,true],[5,9,2,true,true,false],[5,17,8,true,false,false],[5,18,6,true,false,true],[6,5,6,true,true,false],[6,13,8,true,false,false],[7,2,0,false,false,false],[9,48,26,true,true,false],[10,8,26,true,true,false],[10,35,26,true,false,false],[10,36,7,true,false,true],[11,9,7,true,true,false],[11,17,26,true,false,false],[11,18,19,true,false,true],[12,10,19,true,true,false],[12,13,19,true,true,false],[12,40,19,true,false,false],[12,41,11,true,false,true],[13,9,11,true,true,false],[13,17,26,true,false,false],[13,18,8,true,false,true],[14,5,8,true,true,false],[14,13,26,true,false,false],[15,2,0,false,false,false],[17,47,9,true,true,false],[18,8,9,true,true,false],[18,33,9,true,false,false],[18,34,3,true,false,true],[19,9,3,true,true,false],[19,17,9,true,false,false],[19,18,6,true,false,true],[20,5,6,true,true,false],[20,13,9,true,false,false],[21,2,0,false,false,false]],"summary":{"branches":{"count":8,"covered":8,"notcovered":0,"percent":100},"functions":{"count":3,"covered":3,"percent":100},"instantiations":{"count":3,"covered":3,"percent":100},"lines":{"count":17,"covered":17,"percent":100},"regions":{"count":15,"covered":15,"notcovered":0,"percent":100}}},{"branches":[[4,8,4,22,20,32,0,0,4],[4,26,4,37,12,20,0,0,4],[4,41,4,53,0,20,0,0,4],[4,57,4,72,12,8,0,0,4],[10,8,10,22,40,8,0,0,4],[10,26,10,39,0,8,0,0,4],[10,43,10,55,4,4,0,0,4],[10,59,10,68,0,4,0,0,4],[10,72,10,85,0,4,0,0,4],[16,8,16,21,44,4,0,0,4],[16,25,16,40,0,4,0,0,4],[16,44,16,54,0,4,0,0,4],[16,58,16,72,0,4,0,0,4],[27,8,27,36,4,22,0,0,4],[27,8,27,142,4,22,0,0,4],[27,40,27,66,0,22,0,0,4],[27,70,27,98,0,22,0,0,4],[27,102,27,142,0,22,0,0,4],[29,8,29,36,4,22,0,0,4],[31,8,31,34,4,22,0,0,4],[33,8,33,36,4,22,0,0,4],[35,8,35,48,4,22,0,0,4]],"expansions":[],"filename":"/Users/titienipaul/Desktop/Facultate/sem2/OOP/lab6/validari/validari.cpp","segments":[[3,39,52,true,true,false],[4,8,52,true,true,false],[4,22,52,true,false,false],[4,26,32,true,true,false],[4,37,52,true,false,false],[4,41,20,true,true,false],[4,53,52,true,false,false],[4,57,20,true,true,false],[4,72,52,true,false,false],[4,73,44,true,false,true],[5,9,44,true,true,false],[5,20,52,true,false,false],[5,21,8,true,false,true],[6,5,8,true,true,false],[6,17,52,true,false,false],[7,2,0,false,false,false],[9,37,48,true,true,false],[10,8,48,true,true,false],[10,22,48,true,false,false],[10,26,8,true,true,false],[10,39,48,true,false,false],[10,43,8,true,true,false],[10,55,48,true,false,false],[10,59,4,true,true,false],[10,68,48,true,false,false],[10,72,4,true,true,false],[10,85,48,true,false,false],[10,86,44,true,false,true],[11,9,44,true,true,false],[11,20,48,true,false,false],[11,21,4,true,false,true],[12,5,4,true,true,false],[12,17,48,true,false,false],[13,2,0,false,false,false],[15,45,48,true,true,false],[16,8,48,true,true,false],[16,21,48,true,false,false],[16,25,4,true,true,false],[16,40,48,true,false,false],[16,44,4,true,true,false],[16,54,48,true,false,false],[16,58,4,true,true,false],[16,72,48,true,false,false],[16,73,44,true,false,true],[17,9,44,true,true,false],[17,20,48,true,false,false],[17,21,4,true,false,true],[18,5,4,true,true,false],[18,17,48,true,false,false],[19,2,0,false,false,false],[21,29,48,true,true,false],[23,2,0,false,false,false],[25,40,26,true,true,false],[27,8,26,true,true,false],[27,36,26,true,false,false],[27,40,22,true,true,false],[27,66,26,true,false,false],[27,70,22,true,true,false],[27,98,26,true,false,false],[27,102,22,true,true,false],[27,142,26,true,false,false],[27,143,4,true,false,true],[28,9,4,true,true,false],[28,39,26,true,false,false],[29,8,26,true,true,false],[29,36,26,true,false,false],[29,37,4,true,false,true],[30,9,4,true,true,false],[30,37,26,true,false,false],[31,8,26,true,true,false],[31,34,26,true,false,false],[31,35,4,true,false,true],[32,9,4,true,true,false],[32,36,26,true,false,false],[33,8,26,true,true,false],[33,36,26,true,false,false],[33,37,4,true,false,true],[34,9,4,true,true,false],[34,37,26,true,false,false],[35,8,26,true,true,false],[35,48,26,true,false,false],[35,49,4,true,false,true],[36,9,4,true,true,false],[36,41,26,true,false,false],[38,2,0,false,false,false]],"summary":{"branches":{"count":44,"covered":34,"notcovered":10,"percent":77.272727272727266},"functions":{"count":5,"covered":5,"percent":100},"instantiations":{"count":5,"covered":5,"percent":100},"lines":{"count":32,"covered":32,"percent":100},"regions":{"count":50,"covered":50,"notcovered":0,"percent":100}}}],"functions":[{"branches":[],"count":265,"filenames":["/Users/titienipaul/Desktop/Facultate/sem2/OOP/lab6/Domain/produs.cpp"],"name":"_ZNK6Produs8get_numeEv","regions":[[7,32,9,2,265,0,0,0]]},{"branches":[],"count":216,"filenames":["/Users/titienipaul/Desktop/Facultate/sem2/OOP/lab6/Domain/produs.cpp"],"name":"_ZNK6Produs7get_tipEv","regions":[[11,31,13,2,216,0,0,0]]},{"branches":[],"count":112,"filenames":["/Users/titienipaul/Desktop/Facultate/sem2/OOP/lab6/Domain/produs.cpp"],"name":"_ZNK6Produs8get_pretEv","regions":[[15,29,17,2,112,0,0,0]]},{"branches":[],"count":193,"filenames":["/Users/titienipaul/Desktop/Facultate/sem2/OOP/lab6/Domain/produs.cpp"],"name":"_ZNK6Produs14get_producatorEv","regions":[[19,38,21,2,193,0,0,0]]},{"branches":[],"count":3,"filenames":["/Users/titienipaul/Desktop/Facultate/sem2/OOP/lab6/Domain/produs.cpp"],"name":"_ZN6Produs8set_numeENSt3__112basic_stringIcNS0_11char_traitsIcEENS0_9allocatorIcEEEE","regions":[[23,34,25,2,3,0,0,0]]},{"branches":[],"count":3,"filenames":["/Users/titienipaul/Desktop/Facultate/sem2/OOP/lab6/Domain/produs.cpp"],"name":"_ZN6Produs7set_tipENSt3__112basic_stringIcNS0_11char_traitsIcEENS0_9allocatorIcEEEE","regions":[[27,34,29,2,3,0,0,0]]},{"branches":[],"count":3,"filenames":["/Users/titienipaul/Desktop/Facultate/sem2/OOP/lab6/Domain/produs.cpp"],"name":"_ZN6Produs8set_pretEi","regions":[[31,32,33,2,3,0,0,0]]},{"branches":[],"count":3,"filenames":["/Users/titienipaul/Desktop/Facultate/sem2/OOP/lab6/Domain/produs.cpp"],"name":"_ZN6Produs14set_producatorENSt3__112basic_stringIcNS0_11char_traitsIcEENS0_9allocatorIcEEEE","regions":[[35,41,37,2,3,0,0,0]]},{"branches":[[40,8,40,33,5,2,0,0,4],[40,39,40,50,4,1,0,0,4],[40,55,40,68,4,0,0,0,4],[40,73,40,86,4,0,0,0,4]],"count":7,"filenames":["/Users/titienipaul/Desktop/Facultate/sem2/OOP/lab6/Domain/produs.cpp"],"name":"_ZN6ProduseqERKS_","regions":[[39,42,44,2,7,0,0,0],[40,8,40,33,7,0,0,0],[40,8,40,50,7,0,0,0],[40,8,40,68,7,0,0,0],[40,8,40,86,7,0,0,0],[40,39,40,50,5,0,0,0],[40,55,40,68,4,0,0,0],[40,73,40,86,4,0,0,0],[40,87,41,9,4,0,0,3],[41,9,41,20,4,0,0,0],[41,21,42,5,3,0,0,3],[42,5,42,17,3,0,0,0],[43,1,43,1,0,0,0,2]]},{"branches":[[47,8,47,17,1,2,0,0,4]],"count":3,"filenames":["/Users/titienipaul/Desktop/Facultate/sem2/OOP/lab6/Domain/produs.cpp"],"name":"_ZN6ProdusneERKS_","regions":[[46,43,50,2,3,0,0,0],[47,8,47,17,3,0,0,0],[47,18,48,9,1,0,0,3],[48,9,48,21,1,0,0,0],[48,22,49,5,2,0,0,3],[49,5,49,16,2,0,0,0]]},{"branches":[],"count":58,"filenames":["/Users/titienipaul/Desktop/Facultate/sem2/OOP/lab6/Domain/produs.h"],"name":"_ZN6ProdusC2ENSt3__112basic_stringIcNS0_11char_traitsIcEENS0_9allocatorIcEEEES6_iS6_","regions":[[26,164,26,166,58,0,0,0]]},{"branches":[],"count":29,"filenames":["/Users/titienipaul/Desktop/Facultate/sem2/OOP/lab6/Domain/produs.h"],"name":"_ZN6ProdusC2ERKS_","regions":[[30,29,36,6,29,0,0,0]]},{"branches":[],"count":0,"filenames":["/Users/titienipaul/Desktop/Facultate/sem2/OOP/lab6/Domain/produs.h"],"name":"_ZN6Produs7get_cntEv","regions":[[94,18,96,6,0,0,0,0]]},{"branches":[[28,8,28,14,0,1,0,0,4],[33,8,33,14,0,1,0,0,4]],"count":1,"filenames":["/Users/titienipaul/Desktop/Facultate/sem2/OOP/lab6/Teste/tests.cpp"],"name":"_Z11test_domainv","regions":[[12,19,37,2,1,0,0,0],[15,32,16,5,1,0,0,3],[16,11,37,2,1,0,0,0],[16,37,17,5,1,0,0,3],[17,11,37,2,1,0,0,0],[17,34,18,5,1,0,0,3],[18,11,37,2,1,0,0,0],[18,41,19,5,1,0,0,3],[19,5,37,2,1,0,0,0],[20,36,21,5,1,0,0,3],[21,5,37,2,1,0,0,0],[22,36,23,5,1,0,0,3],[23,5,37,2,1,0,0,0],[24,31,25,5,1,0,0,3],[25,5,37,2,1,0,0,0],[26,38,27,5,1,0,0,3],[27,11,37,2,1,0,0,0],[27,19,28,5,1,0,0,3],[28,5,37,2,1,0,0,0],[28,8,28,14,1,0,0,0],[28,15,29,9,0,0,0,3],[29,22,31,9,1,0,0,3],[31,21,33,5,1,0,0,3],[32,1,32,1,0,0,0,2],[33,5,37,2,1,0,0,0],[33,8,33,14,1,0,0,0],[33,15,34,9,0,0,0,3],[34,22,36,9,1,0,0,3]]},{"branches":[],"count":1,"filenames":["/Users/titienipaul/Desktop/Facultate/sem2/OOP/lab6/Teste/tests.cpp"],"name":"_Z10test_storev","regions":[[39,18,56,2,1,0,0,0],[46,28,47,5,1,0,0,3],[47,5,56,2,1,0,0,0],[49,28,50,5,1,0,0,3],[50,5,56,2,1,0,0,0],[50,8,53,6,1,0,0,0],[53,26,55,6,1,0,0,0]]},{"branches":[],"count":1,"filenames":["/Users/titienipaul/Desktop/Facultate/sem2/OOP/lab6/Teste/tests.cpp"],"name":"_Z11test_stergev","regions":[[58,19,78,2,1,0,0,0],[67,28,68,5,1,0,0,3],[68,5,78,2,1,0,0,0],[70,28,71,5,1,0,0,3],[71,11,78,2,1,0,0,0],[71,42,72,5,1,0,0,3],[72,5,78,2,1,0,0,0],[72,8,75,6,1,0,0,0],[75,26,77,6,1,0,0,0]]},{"branches":[],"count":1,"filenames":["/Users/titienipaul/Desktop/Facultate/sem2/OOP/lab6/Teste/tests.cpp"],"name":"_Z13test_modificav","regions":[[80,21,96,2,1,0,0,0],[86,51,87,5,1,0,0,3],[87,11,96,2,1,0,0,0],[87,51,88,5,1,0,0,3],[88,11,96,2,1,0,0,0],[88,45,89,5,1,0,0,3],[89,11,96,2,1,0,0,0],[89,56,90,5,1,0,0,3],[90,5,96,2,1,0,0,0],[90,8,93,6,1,0,0,0],[93,25,95,6,1,0,0,0]]},{"branches":[],"count":1,"filenames":["/Users/titienipaul/Desktop/Facultate/sem2/OOP/lab6/Teste/tests.cpp"],"name":"_Z10test_cautav","regions":[[98,18,109,2,1,0,0,0],[101,9,104,6,1,0,0,0],[104,26,106,6,1,0,0,0],[106,6,107,5,1,0,0,3],[107,5,109,2,1,0,0,0]]},{"branches":[],"count":1,"filenames":["/Users/titienipaul/Desktop/Facultate/sem2/OOP/lab6/Teste/tests.cpp"],"name":"_Z14test_get_mesajv","regions":[[112,22,120,2,1,0,0,0],[113,9,115,6,1,0,0,0],[115,28,119,6,1,0,0,0],[117,32,118,9,1,0,0,3],[118,15,119,6,1,0,0,0]]},{"branches":[],"count":1,"filenames":["/Users/titienipaul/Desktop/Facultate/sem2/OOP/lab6/Teste/tests.cpp"],"name":"_Z8test_addv","regions":[[124,16,141,2,1,0,0,0],[130,8,133,6,1,0,0,0],[133,25,135,6,1,0,0,0],[135,6,136,5,1,0,0,3],[136,5,141,2,1,0,0,0],[137,28,138,5,1,0,0,3],[138,11,141,2,1,0,0,0],[138,42,139,5,1,0,0,3],[139,11,141,2,1,0,0,0],[139,39,140,5,1,0,0,3],[140,11,141,2,1,0,0,0]]},{"branches":[],"count":2,"filenames":["/Users/titienipaul/Desktop/Facultate/sem2/OOP/lab6/Teste/tests.cpp"],"name":"_Z19test_sterge_servicev","regions":[[143,27,168,2,2,0,0,0],[149,8,152,6,2,0,0,0],[152,25,154,6,2,0,0,0],[154,6,155,5,2,0,0,3],[155,5,168,2,2,0,0,0],[156,28,157,5,2,0,0,3],[157,5,168,2,2,0,0,0],[158,28,159,5,2,0,0,3],[159,5,168,2,2,0,0,0],[159,8,162,6,2,0,0,0],[162,25,164,6,2,0,0,0],[164,6,165,5,2,0,0,3],[165,5,168,2,2,0,0,0],[166,28,167,5,2,0,0,3],[167,11,168,2,2,0,0,0]]},{"branches":[],"count":1,"filenames":["/Users/titienipaul/Desktop/Facultate/sem2/OOP/lab6/Teste/tests.cpp"],"name":"_Z21test_modifica_servicev","regions":[[170,29,191,2,1,0,0,0],[175,52,176,5,1,0,0,3],[176,11,191,2,1,0,0,0],[176,49,177,5,1,0,0,3],[177,11,191,2,1,0,0,0],[177,45,178,5,1,0,0,3],[178,11,191,2,1,0,0,0],[178,56,179,5,1,0,0,3],[179,5,191,2,1,0,0,0],[179,8,182,6,1,0,0,0],[182,25,184,6,1,0,0,0],[184,6,185,5,1,0,0,3],[185,5,191,2,1,0,0,0],[185,8,188,6,1,0,0,0],[188,25,190,6,1,0,0,0]]},{"branches":[],"count":1,"filenames":["/Users/titienipaul/Desktop/Facultate/sem2/OOP/lab6/Teste/tests.cpp"],"name":"_Z18test_cauta_servicev","regions":[[193,26,204,2,1,0,0,0],[196,8,199,6,1,0,0,0],[199,26,201,6,1,0,0,0],[201,6,202,5,1,0,0,3],[202,5,204,2,1,0,0,0]]},{"branches":[],"count":1,"filenames":["/Users/titienipaul/Desktop/Facultate/sem2/OOP/lab6/Teste/tests.cpp"],"name":"_Z13test_filtrariv","regions":[[206,21,215,2,1,0,0,0],[212,45,213,5,1,0,0,3],[213,11,215,2,1,0,0,0],[213,51,214,5,1,0,0,3],[214,11,215,2,1,0,0,0]]},{"branches":[],"count":1,"filenames":["/Users/titienipaul/Desktop/Facultate/sem2/OOP/lab6/Teste/tests.cpp"],"name":"_Z21test_sortare_genericav","regions":[[217,29,244,2,1,0,0,0],[227,47,228,5,1,0,0,3],[228,11,244,2,1,0,0,0],[228,47,229,5,1,0,0,3],[229,11,244,2,1,0,0,0],[229,47,230,5,1,0,0,3],[230,5,244,2,1,0,0,0],[231,47,232,5,1,0,0,3],[232,11,244,2,1,0,0,0],[232,47,233,5,1,0,0,3],[233,11,244,2,1,0,0,0],[233,47,235,5,1,0,0,3],[234,1,234,1,0,0,0,2],[235,5,244,2,1,0,0,0],[236,55,237,5,1,0,0,3],[237,11,244,2,1,0,0,0],[237,54,238,5,1,0,0,3],[238,11,244,2,1,0,0,0],[238,51,240,5,1,0,0,3],[239,1,239,1,0,0,0,2],[240,5,244,2,1,0,0,0],[241,51,242,5,1,0,0,3],[242,11,244,2,1,0,0,0],[242,54,243,5,1,0,0,3],[243,11,244,2,1,0,0,0]]},{"branches":[],"count":1,"filenames":["/Users/titienipaul/Desktop/Facultate/sem2/OOP/lab6/Teste/tests.cpp"],"name":"_Z23test_sortare_generica_2v","regions":[[246,31,276,2,1,0,0,0],[258,55,259,5,1,0,0,3],[259,11,276,2,1,0,0,0],[259,52,260,5,1,0,0,3],[260,11,276,2,1,0,0,0],[260,55,261,5,1,0,0,3],[261,11,276,2,1,0,0,0],[261,54,262,5,1,0,0,3],[262,11,276,2,1,0,0,0],[262,54,263,5,1,0,0,3],[263,11,276,2,1,0,0,0],[263,53,264,5,1,0,0,3],[264,11,276,2,1,0,0,0],[264,54,265,5,1,0,0,3],[265,11,276,2,1,0,0,0],[265,53,266,5,1,0,0,3],[266,5,276,2,1,0,0,0],[267,54,268,5,1,0,0,3],[268,11,276,2,1,0,0,0],[268,53,269,5,1,0,0,3],[269,11,276,2,1,0,0,0],[269,54,270,5,1,0,0,3],[270,11,276,2,1,0,0,0],[270,53,271,5,1,0,0,3],[271,11,276,2,1,0,0,0],[271,55,272,5,1,0,0,3],[272,11,276,2,1,0,0,0],[272,54,273,5,1,0,0,3],[273,11,276,2,1,0,0,0],[273,55,274,5,1,0,0,3],[274,11,276,2,1,0,0,0],[275,1,275,1,0,0,0,2]]},{"branches":[],"count":1,"filenames":["/Users/titienipaul/Desktop/Facultate/sem2/OOP/lab6/Teste/tests.cpp"],"name":"_Z8test_cmpv","regions":[[278,16,290,2,1,0,0,0],[279,1,279,1,0,0,0,2],[283,31,284,5,1,0,0,3],[284,11,290,2,1,0,0,0],[284,31,285,5,1,0,0,3],[285,11,290,2,1,0,0,0],[285,31,286,5,1,0,0,3],[286,11,290,2,1,0,0,0],[286,31,287,5,1,0,0,3],[287,11,290,2,1,0,0,0],[287,31,288,5,1,0,0,3],[288,11,290,2,1,0,0,0],[288,30,289,5,1,0,0,3],[289,11,290,2,1,0,0,0]]},{"branches":[],"count":1,"filenames":["/Users/titienipaul/Desktop/Facultate/sem2/OOP/lab6/Teste/tests.cpp"],"name":"_Z11test_vectorv","regions":[[293,19,309,2,1,0,0,0],[295,22,296,5,1,0,0,3],[296,5,309,2,1,0,0,0],[300,23,301,5,1,0,0,3],[301,11,309,2,1,0,0,0],[301,24,302,5,1,0,0,3],[302,11,309,2,1,0,0,0],[302,26,303,5,1,0,0,3],[303,5,309,2,1,0,0,0],[304,24,305,5,1,0,0,3],[305,11,309,2,1,0,0,0],[305,26,306,5,1,0,0,3],[306,5,309,2,1,0,0,0],[307,24,308,5,1,0,0,3],[308,11,309,2,1,0,0,0]]},{"branches":[[327,23,327,24,3,1,0,0,4]],"count":1,"filenames":["/Users/titienipaul/Desktop/Facultate/sem2/OOP/lab6/Teste/tests.cpp"],"name":"_Z13test_iteratorv","regions":[[311,21,329,2,1,0,0,0],[321,20,322,5,1,0,0,3],[322,11,329,2,1,0,0,0],[322,20,323,5,1,0,0,3],[323,5,329,2,1,0,0,0],[324,20,325,5,1,0,0,3],[325,5,329,2,1,0,0,0],[326,20,327,5,1,0,0,3],[327,5,329,2,1,0,0,0],[327,27,328,9,3,0,0,3]]},{"branches":[],"count":1,"filenames":["/Users/titienipaul/Desktop/Facultate/sem2/OOP/lab6/Teste/tests.cpp"],"name":"_Z8test_allv","regions":[[331,16,356,2,1,0,0,0],[332,1,332,13,0,0,0,2],[334,1,334,11,0,0,0,2],[339,1,339,15,0,0,0,2],[342,1,342,14,0,0,0,2],[350,1,350,13,0,0,0,2],[352,1,352,15,0,0,0,2],[354,1,354,12,0,0,0,2]]},{"branches":[],"count":13,"filenames":["/Users/titienipaul/Desktop/Facultate/sem2/OOP/lab6/Repo/repo.h"],"name":"_ZN10ProdusRepoC2Ev","regions":[[18,24,18,25,13,0,0,0]]},{"branches":[],"count":13,"filenames":["/Users/titienipaul/Desktop/Facultate/sem2/OOP/lab6/Exceptii/exceptions.h"],"name":"_ZN9ExceptionC2ENSt3__112basic_stringIcNS0_11char_traitsIcEENS0_9allocatorIcEEEE","regions":[[17,57,17,59,13,0,0,0]]},{"branches":[],"count":1,"filenames":["/Users/titienipaul/Desktop/Facultate/sem2/OOP/lab6/Exceptii/exceptions.h"],"name":"_ZN9Exception9get_mesajEv","regions":[[24,23,26,6,1,0,0,0]]},{"branches":[],"count":9,"filenames":["/Users/titienipaul/Desktop/Facultate/sem2/OOP/lab6/Service/service.h"],"name":"_ZN7ServiceC2ER10ProdusRepo","regions":[[17,48,17,50,9,0,0,0]]},{"branches":[],"count":15,"filenames":["/Users/titienipaul/Desktop/Facultate/sem2/OOP/lab6/MyVector/vector.h"],"name":"_ZN8MyVectorI6ProdusEC2Ev","regions":[[52,62,52,64,15,0,0,0]]},{"branches":[],"count":70,"filenames":["/Users/titienipaul/Desktop/Facultate/sem2/OOP/lab6/Domain/produs.h"],"name":"_ZN6ProdusC2Ev","regions":[[28,20,28,21,70,0,0,0]]},{"branches":[],"count":15,"filenames":["/Users/titienipaul/Desktop/Facultate/sem2/OOP/lab6/MyVector/vector.h"],"name":"_ZN8MyVectorI6ProdusED2Ev","regions":[[121,29,123,2,15,0,0,0]]},{"branches":[],"count":218,"filenames":["/Users/titienipaul/Desktop/Facultate/sem2/OOP/lab6/MyVector/vector.h"],"name":"_ZNK8MyVectorI6ProdusE4sizeEv","regions":[[95,44,97,2,218,0,0,0]]},{"branches":[],"count":402,"filenames":["/Users/titienipaul/Desktop/Facultate/sem2/OOP/lab6/MyVector/vector.h"],"name":"_ZNK8MyVectorI6ProdusEixEi","regions":[[78,50,80,2,402,0,0,0]]},{"branches":[],"count":2,"filenames":["/Users/titienipaul/Desktop/Facultate/sem2/OOP/lab6/MyVector/vector.h"],"name":"_ZNK8MyVectorI6ProdusE5emptyEv","regions":[[116,37,118,2,2,0,0,0]]},{"branches":[[84,8,84,13,10,25,0,0,4]],"count":35,"filenames":["/Users/titienipaul/Desktop/Facultate/sem2/OOP/lab6/MyVector/vector.h"],"name":"_ZN8MyVectorI6ProdusE9push_backERKS0_","regions":[[83,59,87,2,35,0,0,0],[84,8,84,13,35,0,0,0],[84,14,85,9,10,0,0,3],[85,9,85,25,10,0,0,0]]},{"branches":[[104,17,104,20,20,10,0,0,4]],"count":10,"filenames":["/Users/titienipaul/Desktop/Facultate/sem2/OOP/lab6/MyVector/vector.h"],"name":"_ZN8MyVectorI6ProdusE14redimensionareEv","regions":[[101,50,108,2,10,0,0,0],[104,17,104,20,30,0,0,0],[104,21,104,24,20,0,0,0],[104,25,105,9,20,0,0,3],[105,9,105,30,20,0,0,0]]},{"branches":[],"count":3,"filenames":["/Users/titienipaul/Desktop/Facultate/sem2/OOP/lab6/MyVector/vector.h"],"name":"_ZNK8MyVectorI6ProdusE6get_cpEv","regions":[[111,46,113,2,3,0,0,0]]},{"branches":[],"count":1,"filenames":["/Users/titienipaul/Desktop/Facultate/sem2/OOP/lab6/MyVector/vector.h"],"name":"_ZN8MyVectorI6ProdusE8iteratorEv","regions":[[36,39,38,6,1,0,0,0]]},{"branches":[],"count":1,"filenames":["/Users/titienipaul/Desktop/Facultate/sem2/OOP/lab6/MyVector/Iterator.h"],"name":"_ZN16MyVectorIteratorI6ProdusEC2ER8MyVectorIS0_E","regions":[[11,52,11,54,1,0,0,0]]},{"branches":[],"count":1,"filenames":["/Users/titienipaul/Desktop/Facultate/sem2/OOP/lab6/MyVector/Iterator.h"],"name":"_ZN16MyVectorIteratorI6ProdusE4primEv","regions":[[33,37,35,2,1,0,0,0]]},{"branches":[],"count":7,"filenames":["/Users/titienipaul/Desktop/Facultate/sem2/OOP/lab6/MyVector/Iterator.h"],"name":"_ZN16MyVectorIteratorI6ProdusEdeEv","regions":[[43,45,45,2,7,0,0,0]]},{"branches":[],"count":2,"filenames":["/Users/titienipaul/Desktop/Facultate/sem2/OOP/lab6/MyVector/Iterator.h"],"name":"_ZN16MyVectorIteratorI6ProdusE7urmatorEv","regions":[[38,40,40,2,2,0,0,0]]},{"branches":[],"count":1,"filenames":["/Users/titienipaul/Desktop/Facultate/sem2/OOP/lab6/MyVector/vector.h"],"name":"_ZN8MyVectorI6ProdusE5beginEv","regions":[[40,36,42,6,1,0,0,0]]},{"branches":[],"count":2,"filenames":["/Users/titienipaul/Desktop/Facultate/sem2/OOP/lab6/MyVector/Iterator.h"],"name":"_ZN16MyVectorIteratorI6ProdusEC2ER8MyVectorIS0_ERKi","regions":[[12,97,12,99,2,0,0,0]]},{"branches":[],"count":1,"filenames":["/Users/titienipaul/Desktop/Facultate/sem2/OOP/lab6/MyVector/vector.h"],"name":"_ZN8MyVectorI6ProdusE3endEv","regions":[[44,34,46,6,1,0,0,0]]},{"branches":[[63,8,63,25,1,3,0,0,4]],"count":4,"filenames":["/Users/titienipaul/Desktop/Facultate/sem2/OOP/lab6/MyVector/Iterator.h"],"name":"_ZN16MyVectorIteratorI6ProdusEneERKS1_","regions":[[62,77,66,2,4,0,0,0],[63,8,63,25,4,0,0,0],[63,26,64,9,1,0,0,3],[64,9,64,21,1,0,0,0],[64,22,65,5,3,0,0,3],[65,5,65,16,3,0,0,0]]},{"branches":[],"count":3,"filenames":["/Users/titienipaul/Desktop/Facultate/sem2/OOP/lab6/MyVector/Iterator.h"],"name":"_ZN16MyVectorIteratorI6ProdusEppEv","regions":[[48,63,51,2,3,0,0,0]]},{"branches":[],"count":1,"filenames":["/Users/titienipaul/Desktop/Facultate/sem2/OOP/lab6/main.cpp"],"name":"main","regions":[[7,11,15,2,1,0,0,0],[12,1,14,74,0,0,0,2]]},{"branches":[],"count":1,"filenames":["/Users/titienipaul/Desktop/Facultate/sem2/OOP/lab6/Ui/ui.h"],"name":"_ZN2UiC2ER7Service","regions":[[10,46,10,48,1,0,0,0]]},{"branches":[[5,17,5,39,28,29,0,0,4],[6,12,6,65,28,0,0,0,4],[6,12,7,104,1,27,0,0,4],[6,70,6,109,13,15,0,0,4],[7,17,7,58,1,12,0,0,4],[7,63,7,104,1,0,0,0,4]],"count":30,"filenames":["/Users/titienipaul/Desktop/Facultate/sem2/OOP/lab6/Repo/repo.cpp"],"name":"_ZN10ProdusRepo5storeERK6Produs","regions":[[4,40,11,2,30,0,0,0],[5,17,5,39,57,0,0,0],[5,40,5,43,27,0,0,0],[5,44,6,9,28,0,0,3],[6,9,8,57,28,0,0,0],[6,12,6,65,28,0,0,0],[6,12,6,109,28,0,0,0],[6,12,7,58,28,0,0,0],[6,12,7,104,28,0,0,0],[6,70,6,109,28,0,0,0],[7,17,7,58,13,0,0,0],[7,63,7,104,1,0,0,0],[7,105,8,13,1,0,0,3],[8,13,8,57,1,0,0,0],[8,58,10,5,29,0,0,3],[9,1,9,1,0,0,0,2],[10,5,11,2,29,0,0,0]]},{"branches":[[15,17,15,39,20,9,0,0,4],[16,12,16,65,20,0,0,0,4],[16,12,17,99,6,14,0,0,4],[16,70,16,109,16,4,0,0,4],[17,12,17,53,6,10,0,0,4],[17,58,17,99,6,0,0,0,4],[19,8,19,15,3,6,0,0,4],[22,21,22,43,8,6,0,0,4]],"count":9,"filenames":["/Users/titienipaul/Desktop/Facultate/sem2/OOP/lab6/Repo/repo.cpp"],"name":"_ZN10ProdusRepo6stergeERK6Produsi","regions":[[13,49,25,2,9,0,0,0],[15,17,15,39,29,0,0,0],[15,40,15,43,20,0,0,0],[15,44,16,9,20,0,0,3],[16,9,18,24,20,0,0,0],[16,12,16,65,20,0,0,0],[16,12,16,109,20,0,0,0],[16,12,17,53,20,0,0,0],[16,12,17,99,20,0,0,0],[16,70,16,109,20,0,0,0],[17,12,17,53,16,0,0,0],[17,58,17,99,6,0,0,0],[17,100,18,13,6,0,0,3],[18,13,18,24,6,0,0,0],[19,8,19,15,9,0,0,0],[19,16,20,9,3,0,0,3],[20,9,20,51,3,0,0,0],[20,52,21,5,6,0,0,3],[21,5,25,2,6,0,0,0],[22,21,22,43,14,0,0,0],[22,44,22,47,8,0,0,0],[22,48,23,9,8,0,0,3],[23,9,23,44,8,0,0,0]]},{"branches":[],"count":50,"filenames":["/Users/titienipaul/Desktop/Facultate/sem2/OOP/lab6/Repo/repo.cpp"],"name":"_ZNK10ProdusRepo7get_allEv","regions":[[27,53,29,2,50,0,0,0]]},{"branches":[[33,17,33,39,4,4,0,0,4],[34,12,34,65,4,0,0,0,4],[34,12,35,99,2,2,0,0,4],[34,70,34,109,2,2,0,0,4],[35,12,35,53,2,0,0,0,4],[35,58,35,99,2,0,0,0,4],[42,8,42,15,2,2,0,0,4]],"count":4,"filenames":["/Users/titienipaul/Desktop/Facultate/sem2/OOP/lab6/Repo/repo.cpp"],"name":"_ZN10ProdusRepo8modificaERK6ProdusS2_","regions":[[31,63,44,2,4,0,0,0],[33,17,33,39,8,0,0,0],[33,40,33,43,4,0,0,0],[33,44,34,9,4,0,0,3],[34,9,41,10,4,0,0,0],[34,12,34,65,4,0,0,0],[34,12,34,109,4,0,0,0],[34,12,35,53,4,0,0,0],[34,12,35,99,4,0,0,0],[34,70,34,109,4,0,0,0],[35,12,35,53,2,0,0,0],[35,58,35,99,2,0,0,0],[35,100,41,10,2,0,0,0],[42,8,42,15,4,0,0,0],[42,16,43,9,2,0,0,3],[43,9,43,51,2,0,0,0]]},{"branches":[[48,17,48,39,2,4,0,0,4],[49,12,49,65,2,0,0,0,4],[49,12,50,99,2,0,0,0,4],[49,70,49,109,2,0,0,0,4],[50,12,50,53,2,0,0,0,4],[50,58,50,99,2,0,0,0,4],[52,8,52,15,2,2,0,0,4]],"count":4,"filenames":["/Users/titienipaul/Desktop/Facultate/sem2/OOP/lab6/Repo/repo.cpp"],"name":"_ZN10ProdusRepo5cautaERK6Produs","regions":[[46,41,54,2,4,0,0,0],[48,17,48,39,6,0,0,0],[48,40,48,43,2,0,0,0],[48,44,49,9,2,0,0,3],[49,9,51,24,2,0,0,0],[49,12,49,65,2,0,0,0],[49,12,49,109,2,0,0,0],[49,12,50,53,2,0,0,0],[49,12,50,99,2,0,0,0],[49,70,49,109,2,0,0,0],[50,12,50,53,2,0,0,0],[50,58,50,99,2,0,0,0],[50,100,51,13,2,0,0,3],[51,13,51,24,2,0,0,0],[52,8,52,15,4,0,0,0],[52,16,53,9,2,0,0,3],[53,9,53,51,2,0,0,0]]},{"branches":[],"count":6,"filenames":["/Users/titienipaul/Desktop/Facultate/sem2/OOP/lab6/MyVector/vector.h"],"name":"_ZN8MyVectorI6ProdusE8pop_backEv","regions":[[90,33,92,2,6,0,0,0]]},{"branches":[[8,8,8,20,1,14,0,0,4]],"count":15,"filenames":["/Users/titienipaul/Desktop/Facultate/sem2/OOP/lab6/Service/service.cpp"],"name":"_ZN7Service3addERKNSt3__112basic_stringIcNS0_11char_traitsIcEENS0_9allocatorIcEEEES8_iS8_","regions":[[5,94,11,2,15,0,0,0],[8,8,8,20,15,0,0,0],[8,21,9,9,1,0,0,3],[9,9,9,29,1,0,0,0],[9,30,10,5,14,0,0,3],[10,5,11,2,14,0,0,0]]},{"branches":[],"count":38,"filenames":["/Users/titienipaul/Desktop/Facultate/sem2/OOP/lab6/Service/service.cpp"],"name":"_ZNK7Service7get_allEv","regions":[[13,50,15,2,38,0,0,0]]},{"branches":[[20,8,20,20,2,6,0,0,4],[24,17,24,31,14,6,0,0,4],[26,12,26,53,14,0,0,0,4],[26,12,27,75,4,10,0,0,4],[26,58,26,85,14,0,0,0,4],[27,12,27,41,4,10,0,0,4],[27,46,27,75,4,0,0,0,4]],"count":8,"filenames":["/Users/titienipaul/Desktop/Facultate/sem2/OOP/lab6/Service/service.cpp"],"name":"_ZN7Service14sterge_serviceERKNSt3__112basic_stringIcNS0_11char_traitsIcEENS0_9allocatorIcEEEES8_iS8_","regions":[[17,105,31,2,8,0,0,0],[20,8,20,20,8,0,0,0],[20,21,21,9,2,0,0,3],[21,9,21,29,2,0,0,0],[21,30,22,5,6,0,0,3],[22,5,31,2,6,0,0,0],[24,17,24,31,20,0,0,0],[24,32,24,35,14,0,0,0],[24,36,29,6,14,0,0,0],[26,12,26,53,14,0,0,0],[26,12,26,85,14,0,0,0],[26,12,27,41,14,0,0,0],[26,12,27,75,14,0,0,0],[26,58,26,85,14,0,0,0],[27,12,27,41,14,0,0,0],[27,46,27,75,4,0,0,0],[27,76,28,13,4,0,0,3],[28,13,28,18,4,0,0,0]]},{"branches":[[39,8,39,20,1,2,0,0,4]],"count":3,"filenames":["/Users/titienipaul/Desktop/Facultate/sem2/OOP/lab6/Service/service.cpp"],"name":"_ZN7Service16modifica_serviceERKNSt3__112basic_stringIcNS0_11char_traitsIcEENS0_9allocatorIcEEEES8_iS8_S8_S8_iS8_","regions":[[35,62,42,2,3,0,0,0],[39,8,39,20,3,0,0,0],[39,21,40,9,1,0,0,3],[40,9,40,29,1,0,0,0],[40,30,41,5,2,0,0,3],[41,5,42,2,2,0,0,0]]},{"branches":[],"count":2,"filenames":["/Users/titienipaul/Desktop/Facultate/sem2/OOP/lab6/Service/service.cpp"],"name":"_ZNK7Service13cauta_serviceERKNSt3__112basic_stringIcNS0_11char_traitsIcEENS0_9allocatorIcEEEES8_iS8_","regions":[[44,110,48,2,2,0,0,0],[46,1,46,15,0,0,0,2]]},{"branches":[[53,17,53,27,3,1,0,0,4],[54,12,54,33,2,1,0,0,4]],"count":1,"filenames":["/Users/titienipaul/Desktop/Facultate/sem2/OOP/lab6/Service/service.cpp"],"name":"_ZNK7Service13filtrare_pretERKi","regions":[[50,62,57,2,1,0,0,0],[53,17,53,27,4,0,0,0],[53,28,53,31,3,0,0,0],[53,32,54,9,3,0,0,3],[54,9,55,30,3,0,0,0],[54,12,54,33,3,0,0,0],[54,34,55,13,2,0,0,3],[55,13,55,30,2,0,0,0]]},{"branches":[[62,17,62,27,3,1,0,0,4],[63,12,63,33,1,2,0,0,4]],"count":1,"filenames":["/Users/titienipaul/Desktop/Facultate/sem2/OOP/lab6/Service/service.cpp"],"name":"_ZNK7Service13filtrare_numeERKNSt3__112basic_stringIcNS0_11char_traitsIcEENS0_9allocatorIcEEEE","regions":[[59,65,66,2,1,0,0,0],[62,17,62,27,4,0,0,0],[62,28,62,31,3,0,0,0],[62,32,63,9,3,0,0,3],[63,9,64,30,3,0,0,0],[63,12,63,33,3,0,0,0],[63,34,64,13,1,0,0,3],[64,13,64,30,1,0,0,0]]},{"branches":[[71,17,71,27,3,1,0,0,4],[72,12,72,45,3,0,0,0,4]],"count":1,"filenames":["/Users/titienipaul/Desktop/Facultate/sem2/OOP/lab6/Service/service.cpp"],"name":"_ZNK7Service19filtrare_producatorERKNSt3__112basic_stringIcNS0_11char_traitsIcEENS0_9allocatorIcEEEE","regions":[[68,82,75,2,1,0,0,0],[71,17,71,27,4,0,0,0],[71,28,71,31,3,0,0,0],[71,32,72,9,3,0,0,3],[72,9,73,30,3,0,0,0],[72,12,72,45,3,0,0,0],[72,46,73,13,3,0,0,3],[73,13,73,30,3,0,0,0]]},{"branches":[[78,8,78,14,2,2,0,0,4],[79,25,79,56,4,2,0,0,4],[80,29,80,58,6,4,0,0,4],[81,21,81,73,3,3,0,0,4],[88,25,88,56,4,2,0,0,4],[89,29,89,58,6,4,0,0,4],[90,21,90,73,6,0,0,0,4]],"count":4,"filenames":["/Users/titienipaul/Desktop/Facultate/sem2/OOP/lab6/Service/service.cpp"],"name":"_ZN7Service16sortare_genericaEPFiRK6ProdusS2_Ei","regions":[[77,81,96,2,4,0,0,0],[78,8,78,14,4,0,0,0],[78,15,78,16,2,0,0,3],[78,16,86,6,2,0,0,0],[79,25,79,56,6,0,0,0],[79,58,79,61,4,0,0,0],[79,62,80,13,4,0,0,3],[80,13,85,18,4,0,0,0],[80,29,80,58,10,0,0,0],[80,60,80,63,6,0,0,0],[80,64,81,17,6,0,0,3],[81,17,85,18,6,0,0,0],[81,21,81,73,6,0,0,0],[81,74,81,75,3,0,0,3],[81,75,85,18,3,0,0,0],[86,6,87,9,2,0,0,3],[87,9,95,6,2,0,0,0],[88,25,88,56,6,0,0,0],[88,58,88,61,4,0,0,0],[88,62,89,13,4,0,0,3],[89,13,94,18,4,0,0,0],[89,29,89,58,10,0,0,0],[89,60,89,63,6,0,0,0],[89,64,90,17,6,0,0,3],[90,17,94,18,6,0,0,0],[90,21,90,73,6,0,0,0],[90,74,90,75,6,0,0,3],[90,75,94,18,6,0,0,0]]},{"branches":[[99,8,99,14,1,1,0,0,4],[100,25,100,56,3,1,0,0,4],[101,29,101,58,6,3,0,0,4],[102,21,102,74,3,3,0,0,4],[103,24,103,74,2,1,0,0,4],[109,24,109,74,2,1,0,0,4],[116,25,116,56,3,1,0,0,4],[117,29,117,58,6,3,0,0,4],[118,21,118,74,4,2,0,0,4],[119,24,119,75,4,0,0,0,4],[125,24,125,75,2,0,0,0,4]],"count":2,"filenames":["/Users/titienipaul/Desktop/Facultate/sem2/OOP/lab6/Service/service.cpp"],"name":"_ZN7Service18sortare_generica_2EPFiRK6ProdusS2_ES4_i","regions":[[98,132,131,2,2,0,0,0],[99,8,99,14,2,0,0,0],[99,15,99,16,1,0,0,3],[99,16,114,6,1,0,0,0],[100,25,100,56,4,0,0,0],[100,58,100,61,3,0,0,0],[100,62,101,13,3,0,0,3],[101,13,113,18,3,0,0,0],[101,29,101,58,9,0,0,0],[101,60,101,63,6,0,0,0],[101,64,102,17,6,0,0,3],[102,17,113,18,6,0,0,0],[102,21,102,74,6,0,0,0],[102,75,102,76,3,0,0,3],[102,76,108,18,3,0,0,0],[103,24,103,74,3,0,0,0],[103,75,107,22,2,0,0,0],[108,22,109,21,3,0,0,3],[109,21,113,18,3,0,0,0],[109,24,109,74,3,0,0,0],[109,75,113,18,2,0,0,0],[114,6,115,9,1,0,0,3],[115,9,130,6,1,0,0,0],[116,25,116,56,4,0,0,0],[116,58,116,61,3,0,0,0],[116,62,117,13,3,0,0,3],[117,13,129,18,3,0,0,0],[117,29,117,58,9,0,0,0],[117,60,117,63,6,0,0,0],[117,64,118,17,6,0,0,3],[118,17,129,18,6,0,0,0],[118,21,118,74,6,0,0,0],[118,75,118,76,4,0,0,3],[118,76,124,18,4,0,0,0],[119,24,119,75,4,0,0,0],[119,76,123,22,4,0,0,0],[124,22,125,21,2,0,0,3],[125,21,129,18,2,0,0,0],[125,24,125,75,2,0,0,0],[125,76,129,18,2,0,0,0]]},{"branches":[[13,8,13,22,0,0,0,0,4],[14,22,14,36,0,0,0,0,4]],"count":0,"filenames":["/Users/titienipaul/Desktop/Facultate/sem2/OOP/lab6/Ui/ui.cpp"],"name":"_ZN2Ui7afisareEv","regions":[[11,20,23,2,0,0,0,0],[13,8,13,22,0,0,0,0],[13,23,13,24,0,0,0,3],[13,24,21,6,0,0,0,0],[14,22,14,36,0,0,0,0],[14,37,14,40,0,0,0,0],[14,41,14,42,0,0,0,3],[14,42,20,10,0,0,0,0],[21,10,22,9,0,0,0,3],[22,9,22,35,0,0,0,0]]},{"branches":[],"count":0,"filenames":["/Users/titienipaul/Desktop/Facultate/sem2/OOP/lab6/Ui/ui.cpp"],"name":"_ZN2Ui10print_menuEv","regions":[[25,23,35,2,0,0,0,0]]},{"branches":[],"count":0,"filenames":["/Users/titienipaul/Desktop/Facultate/sem2/OOP/lab6/Ui/ui.cpp"],"name":"_ZN2Ui6add_uiEv","regions":[[37,19,56,2,0,0,0,0],[50,8,53,6,0,0,0,0],[53,28,55,6,0,0,0,0]]},{"branches":[],"count":0,"filenames":["/Users/titienipaul/Desktop/Facultate/sem2/OOP/lab6/Ui/ui.cpp"],"name":"_ZN2Ui9sterge_uiEv","regions":[[58,22,77,2,0,0,0,0],[71,8,74,6,0,0,0,0],[74,28,76,6,0,0,0,0]]},{"branches":[],"count":0,"filenames":["/Users/titienipaul/Desktop/Facultate/sem2/OOP/lab6/Ui/ui.cpp"],"name":"_ZN2Ui11modifica_uiEv","regions":[[79,24,111,2,0,0,0,0],[92,8,108,6,0,0,0,0],[108,28,110,6,0,0,0,0]]},{"branches":[],"count":0,"filenames":["/Users/titienipaul/Desktop/Facultate/sem2/OOP/lab6/Ui/ui.cpp"],"name":"_ZN2Ui8cauta_uiEv","regions":[[113,21,132,2,0,0,0,0],[126,8,129,6,0,0,0,0],[129,26,131,6,0,0,0,0]]},{"branches":[[138,8,138,44,0,0,0,0,4],[139,32,139,33,0,0,0,0,4]],"count":0,"filenames":["/Users/titienipaul/Desktop/Facultate/sem2/OOP/lab6/Ui/ui.cpp"],"name":"_ZN2Ui16filtrare_pret_uiEv","regions":[[134,29,148,2,0,0,0,0],[138,8,138,44,0,0,0,0],[138,45,146,6,0,0,0,0],[139,62,139,63,0,0,0,3],[139,63,145,10,0,0,0,0],[146,10,147,9,0,0,0,3],[147,9,147,50,0,0,0,0]]},{"branches":[[154,8,154,44,0,0,0,0,4],[155,32,155,33,0,0,0,0,4]],"count":0,"filenames":["/Users/titienipaul/Desktop/Facultate/sem2/OOP/lab6/Ui/ui.cpp"],"name":"_ZN2Ui16filtrare_nume_uiEv","regions":[[150,29,164,2,0,0,0,0],[154,8,154,44,0,0,0,0],[154,45,162,6,0,0,0,0],[155,62,155,63,0,0,0,3],[155,63,161,10,0,0,0,0],[162,10,163,9,0,0,0,3],[163,9,163,50,0,0,0,0]]},{"branches":[[170,8,170,56,0,0,0,0,4],[171,32,171,33,0,0,0,0,4]],"count":0,"filenames":["/Users/titienipaul/Desktop/Facultate/sem2/OOP/lab6/Ui/ui.cpp"],"name":"_ZN2Ui22filtrare_producator_uiEv","regions":[[166,35,180,2,0,0,0,0],[170,8,170,56,0,0,0,0],[170,57,178,6,0,0,0,0],[171,74,171,75,0,0,0,3],[171,75,177,10,0,0,0,0],[178,10,179,9,0,0,0,3],[179,9,179,56,0,0,0,0]]},{"branches":[[183,8,183,34,0,0,0,0,4],[187,13,187,27,0,0,0,0,4],[189,18,189,32,0,0,0,0,4],[191,18,191,32,0,0,0,0,4]],"count":0,"filenames":["/Users/titienipaul/Desktop/Facultate/sem2/OOP/lab6/Ui/ui.cpp"],"name":"_ZN2Ui11filtrare_uiEv","regions":[[182,23,197,2,0,0,0,0],[183,8,183,34,0,0,0,0],[183,35,183,36,0,0,0,3],[183,36,195,6,0,0,0,0],[187,13,187,27,0,0,0,0],[187,28,188,13,0,0,0,3],[188,13,188,31,0,0,0,0],[188,32,189,14,0,0,0,3],[189,14,194,42,0,0,0,0],[189,18,189,32,0,0,0,0],[189,33,190,13,0,0,0,3],[190,13,190,31,0,0,0,0],[190,32,191,14,0,0,0,3],[191,14,194,42,0,0,0,0],[191,18,191,32,0,0,0,0],[191,33,192,13,0,0,0,3],[192,13,192,37,0,0,0,0],[192,38,194,13,0,0,0,3],[194,13,194,42,0,0,0,0],[195,10,196,9,0,0,0,3],[196,9,196,63,0,0,0,0]]},{"branches":[[200,8,200,34,0,0,0,0,4],[204,13,204,24,0,0,0,0,4],[208,17,208,25,0,0,0,0,4],[208,29,208,37,0,0,0,0,4],[213,20,213,31,0,0,0,0,4],[217,17,217,25,0,0,0,0,4],[217,29,217,37,0,0,0,0,4],[222,20,222,31,0,0,0,0,4],[226,17,226,25,0,0,0,0,4],[226,29,226,37,0,0,0,0,4]],"count":0,"filenames":["/Users/titienipaul/Desktop/Facultate/sem2/OOP/lab6/Ui/ui.cpp"],"name":"_ZN2Ui10sortare_uiEv","regions":[[199,23,235,2,0,0,0,0],[200,8,200,34,0,0,0,0],[200,35,200,36,0,0,0,3],[200,36,233,6,0,0,0,0],[204,13,204,24,0,0,0,0],[204,25,204,26,0,0,0,3],[204,26,213,10,0,0,0,0],[208,17,208,25,0,0,0,0],[208,17,208,37,0,0,0,0],[208,29,208,37,0,0,0,0],[208,38,208,39,0,0,0,3],[208,39,211,14,0,0,0,0],[211,14,212,17,0,0,0,3],[212,17,212,71,0,0,0,0],[213,10,213,16,0,0,0,3],[213,16,232,69,0,0,0,0],[213,20,213,31,0,0,0,0],[213,32,213,33,0,0,0,3],[213,33,222,10,0,0,0,0],[217,17,217,25,0,0,0,0],[217,17,217,37,0,0,0,0],[217,29,217,37,0,0,0,0],[217,38,217,39,0,0,0,3],[217,39,220,14,0,0,0,0],[220,14,221,17,0,0,0,3],[221,17,221,71,0,0,0,0],[222,10,222,16,0,0,0,3],[222,16,232,69,0,0,0,0],[222,20,222,31,0,0,0,0],[222,32,222,33,0,0,0,3],[222,33,231,10,0,0,0,0],[226,17,226,25,0,0,0,0],[226,17,226,37,0,0,0,0],[226,29,226,37,0,0,0,0],[226,38,226,39,0,0,0,3],[226,39,229,14,0,0,0,0],[229,14,230,17,0,0,0,3],[230,17,230,71,0,0,0,0],[231,10,232,13,0,0,0,3],[232,13,232,69,0,0,0,0],[233,10,234,9,0,0,0,3],[234,9,234,62,0,0,0,0]]},{"branches":[[240,11,240,16,0,0,0,0,4],[244,12,244,20,0,0,0,0,4],[246,17,246,25,0,0,0,0,4],[248,17,248,25,0,0,0,0,4],[250,17,250,25,0,0,0,0,4],[252,17,252,25,0,0,0,0,4],[254,17,254,25,0,0,0,0,4],[256,17,256,25,0,0,0,0,4],[258,17,258,25,0,0,0,0,4],[260,17,260,25,0,0,0,0,4]],"count":0,"filenames":["/Users/titienipaul/Desktop/Facultate/sem2/OOP/lab6/Ui/ui.cpp"],"name":"_ZN2Ui5startEv","regions":[[237,18,265,2,0,0,0,0],[240,11,240,16,0,0,0,0],[240,17,264,6,0,0,0,0],[244,12,244,20,0,0,0,0],[244,21,245,13,0,0,0,3],[245,13,245,20,0,0,0,0],[245,21,246,14,0,0,0,3],[246,14,263,39,0,0,0,0],[246,17,246,25,0,0,0,0],[246,26,247,13,0,0,0,3],[247,13,247,25,0,0,0,0],[247,26,248,14,0,0,0,3],[248,14,263,39,0,0,0,0],[248,17,248,25,0,0,0,0],[248,26,249,13,0,0,0,3],[249,13,249,22,0,0,0,0],[249,23,250,14,0,0,0,3],[250,14,263,39,0,0,0,0],[250,17,250,25,0,0,0,0],[250,26,251,13,0,0,0,3],[251,13,251,21,0,0,0,0],[251,22,252,14,0,0,0,3],[252,14,263,39,0,0,0,0],[252,17,252,25,0,0,0,0],[252,26,253,13,0,0,0,3],[253,13,253,24,0,0,0,0],[253,25,254,14,0,0,0,3],[254,14,263,39,0,0,0,0],[254,17,254,25,0,0,0,0],[254,26,255,13,0,0,0,3],[255,13,255,26,0,0,0,0],[255,27,256,14,0,0,0,3],[256,14,263,39,0,0,0,0],[256,17,256,25,0,0,0,0],[256,26,257,13,0,0,0,3],[257,13,257,23,0,0,0,0],[257,24,258,14,0,0,0,3],[258,14,263,39,0,0,0,0],[258,17,258,25,0,0,0,0],[258,26,259,13,0,0,0,3],[259,13,259,26,0,0,0,0],[259,27,260,14,0,0,0,3],[260,14,263,39,0,0,0,0],[260,17,260,25,0,0,0,0],[260,26,261,13,0,0,0,3],[261,13,261,25,0,0,0,0],[261,26,263,13,0,0,0,3],[263,13,263,39,0,0,0,0]]},{"branches":[[4,8,4,35,2,6,0,0,4]],"count":8,"filenames":["/Users/titienipaul/Desktop/Facultate/sem2/OOP/lab6/utils/utils.cpp"],"name":"_Z8cmp_pretRK6ProdusS1_","regions":[[3,48,7,2,8,0,0,0],[4,8,4,35,8,0,0,0],[4,36,5,9,2,0,0,3],[5,9,5,17,2,0,0,0],[5,18,6,5,6,0,0,3],[6,5,6,13,6,0,0,0]]},{"branches":[[10,8,10,35,7,19,0,0,4],[12,13,12,40,11,8,0,0,4]],"count":26,"filenames":["/Users/titienipaul/Desktop/Facultate/sem2/OOP/lab6/utils/utils.cpp"],"name":"_Z8cmp_numeRK6ProdusS1_","regions":[[9,48,15,2,26,0,0,0],[10,8,10,35,26,0,0,0],[10,36,11,9,7,0,0,3],[11,9,11,17,7,0,0,0],[11,18,12,10,19,0,0,3],[12,10,13,17,19,0,0,0],[12,13,12,40,19,0,0,0],[12,41,13,9,11,0,0,3],[13,9,13,17,11,0,0,0],[13,18,14,5,8,0,0,3],[14,5,14,13,8,0,0,0]]},{"branches":[[18,8,18,33,3,6,0,0,4]],"count":9,"filenames":["/Users/titienipaul/Desktop/Facultate/sem2/OOP/lab6/utils/utils.cpp"],"name":"_Z7cmp_tipRK6ProdusS1_","regions":[[17,47,21,2,9,0,0,0],[18,8,18,33,9,0,0,0],[18,34,19,9,3,0,0,3],[19,9,19,17,3,0,0,0],[19,18,20,5,6,0,0,3],[20,5,20,13,6,0,0,0]]},{"branches":[[4,8,4,22,20,32,0,0,4],[4,26,4,37,12,20,0,0,4],[4,41,4,53,0,20,0,0,4],[4,57,4,72,12,8,0,0,4]],"count":52,"filenames":["/Users/titienipaul/Desktop/Facultate/sem2/OOP/lab6/validari/validari.cpp"],"name":"_Z13validare_numeRKNSt3__112basic_stringIcNS_11char_traitsIcEENS_9allocatorIcEEEE","regions":[[3,39,7,2,52,0,0,0],[4,8,4,22,52,0,0,0],[4,8,4,37,52,0,0,0],[4,8,4,53,52,0,0,0],[4,8,4,72,52,0,0,0],[4,26,4,37,32,0,0,0],[4,41,4,53,20,0,0,0],[4,57,4,72,20,0,0,0],[4,73,5,9,44,0,0,3],[5,9,5,20,44,0,0,0],[5,21,6,5,8,0,0,3],[6,5,6,17,8,0,0,0]]},{"branches":[[10,8,10,22,40,8,0,0,4],[10,26,10,39,0,8,0,0,4],[10,43,10,55,4,4,0,0,4],[10,59,10,68,0,4,0,0,4],[10,72,10,85,0,4,0,0,4]],"count":48,"filenames":["/Users/titienipaul/Desktop/Facultate/sem2/OOP/lab6/validari/validari.cpp"],"name":"_Z12validare_tipRKNSt3__112basic_stringIcNS_11char_traitsIcEENS_9allocatorIcEEEE","regions":[[9,37,13,2,48,0,0,0],[10,8,10,22,48,0,0,0],[10,8,10,39,48,0,0,0],[10,8,10,55,48,0,0,0],[10,8,10,68,48,0,0,0],[10,8,10,85,48,0,0,0],[10,26,10,39,8,0,0,0],[10,43,10,55,8,0,0,0],[10,59,10,68,4,0,0,0],[10,72,10,85,4,0,0,0],[10,86,11,9,44,0,0,3],[11,9,11,20,44,0,0,0],[11,21,12,5,4,0,0,3],[12,5,12,17,4,0,0,0]]},{"branches":[[16,8,16,21,44,4,0,0,4],[16,25,16,40,0,4,0,0,4],[16,44,16,54,0,4,0,0,4],[16,58,16,72,0,4,0,0,4]],"count":48,"filenames":["/Users/titienipaul/Desktop/Facultate/sem2/OOP/lab6/validari/validari.cpp"],"name":"_Z19validare_producatorRKNSt3__112basic_stringIcNS_11char_traitsIcEENS_9allocatorIcEEEE","regions":[[15,45,19,2,48,0,0,0],[16,8,16,21,48,0,0,0],[16,8,16,40,48,0,0,0],[16,8,16,54,48,0,0,0],[16,8,16,72,48,0,0,0],[16,25,16,40,4,0,0,0],[16,44,16,54,4,0,0,0],[16,58,16,72,4,0,0,0],[16,73,17,9,44,0,0,3],[17,9,17,20,44,0,0,0],[17,21,18,5,4,0,0,3],[18,5,18,17,4,0,0,0]]},{"branches":[],"count":48,"filenames":["/Users/titienipaul/Desktop/Facultate/sem2/OOP/lab6/validari/validari.cpp"],"name":"_Z13validare_preti","regions":[[21,29,23,2,48,0,0,0]]},{"branches":[[27,8,27,36,4,22,0,0,4],[27,8,27,142,4,22,0,0,4],[27,40,27,66,0,22,0,0,4],[27,70,27,98,0,22,0,0,4],[27,102,27,142,0,22,0,0,4],[29,8,29,36,4,22,0,0,4],[31,8,31,34,4,22,0,0,4],[33,8,33,36,4,22,0,0,4],[35,8,35,48,4,22,0,0,4]],"count":26,"filenames":["/Users/titienipaul/Desktop/Facultate/sem2/OOP/lab6/validari/validari.cpp"],"name":"_Z15validare_produsRK6Produs","regions":[[25,40,38,2,26,0,0,0],[27,8,27,36,26,0,0,0],[27,8,27,66,26,0,0,0],[27,8,27,98,26,0,0,0],[27,8,27,142,26,0,0,0],[27,40,27,66,22,0,0,0],[27,70,27,98,22,0,0,0],[27,102,27,142,22,0,0,0],[27,143,28,9,4,0,0,3],[28,9,28,39,4,0,0,0],[29,8,29,36,26,0,0,0],[29,37,30,9,4,0,0,3],[30,9,30,37,4,0,0,0],[31,8,31,34,26,0,0,0],[31,35,32,9,4,0,0,3],[32,9,32,36,4,0,0,0],[33,8,33,36,26,0,0,0],[33,37,34,9,4,0,0,3],[34,9,34,37,4,0,0,0],[35,8,35,48,26,0,0,0],[35,49,36,9,4,0,0,3],[36,9,36,41,4,0,0,0]]}],"totals":{"branches":{"count":260,"covered":163,"notcovered":97,"percent":62.692307692307693},"functions":{"count":91,"covered":78,"percent":85.714285714285708},"instantiations":{"count":91,"covered":78,"percent":85.714285714285708},"lines":{"count":887,"covered":638,"percent":71.927846674182632},"regions":{"count":505,"covered":398,"notcovered":107,"percent":78.811881188118818}}}],"type":"llvm.coverage.json.export","version":"2.0.1"}