{"data":[{"files":[{"branches":[],"expansions":[],"filename":"/Users/titienipaul/Desktop/Facultate/sem2/OOP/Lab2-4/domain/domain.c","segments":[[5,93,31,true,true,false],[6,1,0,false,true,false],[6,1,31,true,false,false],[8,1,0,false,true,false],[8,1,31,true,false,false],[11,1,0,false,true,false],[11,1,31,true,false,false],[14,1,0,false,true,false],[14,1,31,true,false,false],[17,1,0,false,true,false],[17,1,31,true,false,false],[22,2,0,false,false,false],[24,32,3,true,true,false],[29,2,0,false,false,false],[31,22,101,true,true,false],[33,2,0,false,false,false],[35,25,2,true,true,false],[37,2,0,false,false,false],[39,32,8,true,true,false],[41,2,0,false,false,false],[43,27,2,true,true,false],[45,2,0,false,false,false],[47,24,25,true,true,false],[49,2,0,false,false,false],[51,29,61,true,true,false],[53,2,0,false,false,false],[55,39,2,true,true,false],[57,2,0,false,false,false],[59,43,3,true,true,false],[61,2,0,false,false,false]],"summary":{"branches":{"count":0,"covered":0,"notcovered":0,"percent":0},"functions":{"count":10,"covered":10,"percent":100},"instantiations":{"count":10,"covered":10,"percent":100},"lines":{"count":43,"covered":43,"percent":100},"regions":{"count":10,"covered":10,"notcovered":0,"percent":100}}},{"branches":[],"expansions":[],"filename":"/Users/titienipaul/Desktop/Facultate/sem2/OOP/Lab2-4/main.c","segments":[[5,11,1,true,true,false],[8,1,0,false,true,false],[8,24,1,true,false,false],[10,2,0,false,false,false]],"summary":{"branches":{"count":0,"covered":0,"notcovered":0,"percent":0},"functions":{"count":1,"covered":1,"percent":100},"instantiations":{"count":1,"covered":1,"percent":100},"lines":{"count":5,"covered":5,"percent":100},"regions":{"count":1,"covered":1,"notcovered":0,"percent":100}}},{"branches":[[18,17,18,24,27,13,0,0,4],[29,17,29,24,16,7,0,0,4],[37,21,37,33,39,39,0,0,4],[38,13,38,49,4,35,0,0,4],[46,8,46,21,1,34,0,0,4],[51,12,51,32,7,27,0,0,4]],"expansions":[],"filename":"/Users/titienipaul/Desktop/Facultate/sem2/OOP/Lab2-4/repo/store.c","segments":[[6,21,19,true,true,false],[8,1,0,false,true,false],[8,1,19,true,false,false],[10,1,0,false,true,false],[10,1,19,true,false,false],[13,1,0,false,true,false],[13,1,19,true,false,false],[15,2,0,false,false,false],[17,30,13,true,true,false],[18,17,40,true,true,false],[18,24,13,true,false,false],[18,25,27,true,true,false],[18,28,13,true,false,false],[18,29,27,true,false,true],[19,9,27,true,true,false],[19,34,13,true,false,false],[21,2,0,false,false,false],[23,30,7,true,true,false],[25,1,0,false,true,false],[25,1,7,true,false,false],[28,1,0,false,true,false],[28,1,7,true,false,false],[29,17,23,true,true,false],[29,24,7,true,false,false],[29,25,16,true,true,false],[29,28,7,true,false,false],[29,29,16,true,false,true],[30,9,16,true,true,false],[30,39,7,true,false,false],[31,1,0,false,true,false],[31,1,7,true,false,false],[33,2,0,false,false,false],[35,35,39,true,true,false],[37,21,78,true,true,false],[37,33,39,true,false,false],[37,35,39,true,true,false],[37,38,39,true,false,false],[38,9,39,true,true,false],[38,13,39,true,true,false],[38,49,39,true,false,false],[38,50,4,true,false,true],[39,13,4,true,true,false],[39,39,39,true,false,false],[41,2,0,false,false,false],[43,45,35,true,true,false],[46,8,35,true,true,false],[46,21,35,true,false,false],[46,22,1,true,true,false],[49,6,34,true,false,true],[50,9,34,true,true,false],[51,12,34,true,true,false],[51,32,34,true,false,false],[51,33,7,true,false,true],[52,13,7,true,true,false],[52,34,34,true,false,false],[55,6,35,true,false,false],[56,2,0,false,false,false]],"summary":{"branches":{"count":12,"covered":12,"notcovered":0,"percent":100},"functions":{"count":5,"covered":5,"percent":100},"instantiations":{"count":5,"covered":5,"percent":100},"lines":{"count":41,"covered":41,"percent":100},"regions":{"count":21,"covered":21,"notcovered":0,"percent":100}}},{"branches":[[19,17,19,27,4,1,0,0,4],[19,31,19,38,3,1,0,0,4],[20,12,20,46,1,2,0,0,4],[22,8,22,15,1,1,0,0,4],[24,25,24,35,1,1,0,0,4],[32,17,32,29,4,2,0,0,4],[33,23,33,33,6,4,0,0,4],[34,16,34,25,3,3,0,0,4],[35,20,35,85,1,2,0,0,4],[42,20,42,85,3,0,0,0,4],[52,17,52,29,4,2,0,0,4],[53,23,53,33,6,4,0,0,4],[54,16,54,25,3,3,0,0,4],[55,20,55,95,1,2,0,0,4],[62,20,62,95,3,0,0,0,4],[73,17,73,27,6,2,0,0,4],[74,12,74,72,2,4,0,0,4],[81,17,81,27,6,2,0,0,4],[82,12,82,50,2,4,0,0,4],[89,17,89,27,6,2,0,0,4],[90,12,90,60,2,4,0,0,4]],"expansions":[],"filename":"/Users/titienipaul/Desktop/Facultate/sem2/OOP/Lab2-4/service/manager.c","segments":[[6,55,1,true,true,false],[9,2,0,false,false,false],[11,60,1,true,true,false],[14,2,0,false,false,false],[17,39,2,true,true,false],[19,17,5,true,true,false],[19,27,5,true,false,false],[19,31,4,true,true,false],[19,38,2,true,false,false],[19,39,3,true,true,false],[19,42,2,true,false,false],[19,43,3,true,false,true],[20,9,3,true,true,false],[20,12,3,true,true,false],[20,46,3,true,false,false],[20,47,1,true,false,true],[21,13,1,true,true,false],[21,18,2,true,false,false],[22,8,2,true,true,false],[22,15,2,true,false,false],[22,16,1,true,true,false],[24,25,2,true,true,false],[24,35,1,true,false,false],[24,36,1,true,true,false],[24,39,1,true,false,false],[25,13,1,true,true,false],[25,60,1,true,false,false],[27,6,2,true,false,false],[28,2,0,false,false,false],[31,47,2,true,true,false],[32,17,6,true,true,false],[32,29,2,true,false,false],[32,30,4,true,true,false],[32,33,2,true,false,false],[32,34,4,true,false,true],[33,9,4,true,true,false],[33,23,10,true,true,false],[33,33,4,true,false,false],[33,34,6,true,true,false],[33,37,4,true,false,false],[33,38,6,true,false,true],[34,13,6,true,true,false],[34,16,6,true,true,false],[34,25,6,true,false,false],[34,26,3,true,true,false],[35,20,3,true,true,false],[35,85,3,true,false,false],[35,86,1,true,true,false],[39,18,3,true,false,false],[41,17,3,true,true,false],[42,20,3,true,true,false],[42,85,3,true,false,false],[42,86,3,true,true,false],[46,18,3,true,false,false],[47,14,2,true,false,false],[48,2,0,false,false,false],[50,52,2,true,true,false],[51,1,0,false,true,false],[51,1,2,true,false,false],[52,17,6,true,true,false],[52,29,2,true,false,false],[52,30,4,true,true,false],[52,33,2,true,false,false],[52,34,4,true,false,true],[53,9,4,true,true,false],[53,23,10,true,true,false],[53,33,4,true,false,false],[53,34,6,true,true,false],[53,37,4,true,false,false],[53,38,6,true,false,true],[54,13,6,true,true,false],[54,16,6,true,true,false],[54,25,6,true,false,false],[54,26,3,true,true,false],[55,20,3,true,true,false],[55,95,3,true,false,false],[55,96,1,true,true,false],[59,18,3,true,false,false],[61,17,3,true,true,false],[62,20,3,true,true,false],[62,95,3,true,false,false],[62,96,3,true,true,false],[66,18,3,true,false,false],[67,14,2,true,false,false],[68,2,0,false,false,false],[71,57,2,true,true,false],[73,17,8,true,true,false],[73,27,2,true,false,false],[73,28,6,true,true,false],[73,31,2,true,false,false],[73,32,6,true,false,true],[74,9,6,true,true,false],[74,12,6,true,true,false],[74,72,6,true,false,false],[74,73,2,true,false,true],[75,13,2,true,true,false],[75,57,2,true,false,false],[77,2,0,false,false,false],[79,42,2,true,true,false],[81,17,8,true,true,false],[81,27,2,true,false,false],[81,28,6,true,true,false],[81,31,2,true,false,false],[81,32,6,true,false,true],[82,9,6,true,true,false],[82,12,6,true,true,false],[82,50,6,true,false,false],[82,51,2,true,false,true],[83,13,2,true,true,false],[83,57,2,true,false,false],[85,2,0,false,false,false],[87,52,2,true,true,false],[89,17,8,true,true,false],[89,27,2,true,false,false],[89,28,6,true,true,false],[89,31,2,true,false,false],[89,32,6,true,false,true],[90,9,6,true,true,false],[90,12,6,true,true,false],[90,60,6,true,false,false],[90,61,2,true,false,true],[91,13,2,true,true,false],[91,57,2,true,false,false],[93,2,0,false,false,false]],"summary":{"branches":{"count":42,"covered":40,"notcovered":2,"percent":95.238095238095227},"functions":{"count":8,"covered":8,"percent":100},"instantiations":{"count":8,"covered":8,"percent":100},"lines":{"count":77,"covered":77,"percent":100},"regions":{"count":61,"covered":61,"notcovered":0,"percent":100}}},{"branches":[],"expansions":[],"filename":"/Users/titienipaul/Desktop/Facultate/sem2/OOP/Lab2-4/teste/teste.c","segments":[[7,26,1,true,true,false],[9,25,0,true,false,true],[10,5,1,true,false,false],[10,44,0,true,false,true],[11,5,1,true,false,false],[11,48,0,true,false,true],[12,5,1,true,false,false],[12,42,0,true,false,true],[13,5,1,true,false,false],[13,29,0,true,false,true],[14,5,1,true,false,false],[14,32,0,true,false,true],[15,5,1,true,false,false],[16,2,0,false,false,false],[18,20,1,true,true,false],[20,25,0,true,false,true],[21,5,1,true,false,false],[21,44,0,true,false,true],[22,5,1,true,false,false],[22,54,0,true,false,true],[23,5,1,true,false,false],[23,42,0,true,false,true],[24,5,1,true,false,false],[24,29,0,true,false,true],[25,5,1,true,false,false],[25,32,0,true,false,true],[26,5,1,true,false,false],[27,32,0,true,false,true],[28,5,1,true,false,false],[28,29,0,true,false,true],[29,5,1,true,false,false],[30,29,0,true,false,true],[31,5,1,true,false,false],[32,2,0,false,false,false],[34,29,1,true,true,false],[38,45,0,true,false,true],[39,5,1,true,false,false],[40,45,0,true,false,true],[41,5,1,true,false,false],[42,2,0,false,false,false],[44,34,1,true,true,false],[48,49,0,true,false,true],[49,5,1,true,false,false],[50,49,0,true,false,true],[51,5,1,true,false,false],[52,2,0,false,false,false],[54,26,1,true,true,false],[60,20,0,true,false,true],[61,5,1,true,false,false],[62,20,0,true,false,true],[63,5,1,true,false,false],[64,20,0,true,false,true],[65,5,1,true,false,false],[65,42,0,true,false,true],[66,5,1,true,false,false],[67,2,0,false,false,false],[69,30,1,true,true,false],[77,20,0,true,false,true],[78,5,1,true,false,false],[79,42,0,true,false,true],[80,5,1,true,false,false],[80,42,0,true,false,true],[81,5,1,true,false,false],[81,42,0,true,false,true],[82,5,1,true,false,false],[83,42,0,true,false,true],[84,5,1,true,false,false],[84,42,0,true,false,true],[85,5,1,true,false,false],[85,42,0,true,false,true],[86,5,1,true,false,false],[87,2,0,false,false,false],[89,34,1,true,true,false],[97,20,0,true,false,true],[98,5,1,true,false,false],[99,42,0,true,false,true],[100,5,1,true,false,false],[100,42,0,true,false,true],[101,5,1,true,false,false],[101,42,0,true,false,true],[102,5,1,true,false,false],[103,42,0,true,false,true],[104,5,1,true,false,false],[104,42,0,true,false,true],[105,5,1,true,false,false],[105,42,0,true,false,true],[106,5,1,true,false,false],[107,2,0,false,false,false],[109,32,1,true,true,false],[117,20,0,true,false,true],[118,5,1,true,false,false],[119,45,0,true,false,true],[120,5,1,true,false,false],[120,45,0,true,false,true],[121,5,1,true,false,false],[122,23,0,true,false,true],[123,5,1,true,false,false],[124,2,0,false,false,false],[126,26,1,true,true,false],[134,20,0,true,false,true],[135,5,1,true,false,false],[136,45,0,true,false,true],[137,5,1,true,false,false],[137,45,0,true,false,true],[138,5,1,true,false,false],[139,23,0,true,false,true],[140,5,1,true,false,false],[141,2,0,false,false,false],[143,31,1,true,true,false],[151,20,0,true,false,true],[152,5,1,true,false,false],[153,45,0,true,false,true],[154,5,1,true,false,false],[154,45,0,true,false,true],[155,5,1,true,false,false],[156,23,0,true,false,true],[157,5,1,true,false,false],[158,2,0,false,false,false],[161,25,1,true,true,false],[163,20,0,true,false,true],[164,5,1,true,false,false],[165,2,0,false,false,false],[167,28,1,true,true,false],[172,23,0,true,false,true],[173,5,1,true,false,false],[174,23,0,true,false,true],[175,5,1,true,false,false],[175,52,0,true,false,true],[176,5,1,true,false,false],[177,23,0,true,false,true],[178,5,1,true,false,false],[179,23,0,true,false,true],[180,5,1,true,false,false],[180,45,0,true,false,true],[181,5,1,true,false,false],[181,52,0,true,false,true],[182,5,1,true,false,false],[182,45,0,true,false,true],[183,5,1,true,false,false],[184,2,0,false,false,false],[186,17,1,true,true,false],[193,31,0,true,false,true],[194,5,1,true,false,false],[194,38,0,true,false,true],[195,5,1,true,false,false],[195,35,0,true,false,true],[196,5,1,true,false,false],[197,26,0,true,false,true],[198,5,1,true,false,false],[199,2,0,false,false,false],[201,27,1,true,true,false],[210,20,0,true,false,true],[211,5,1,true,false,false],[212,20,0,true,false,true],[213,5,1,true,false,false],[215,20,0,true,false,true],[216,5,1,true,false,false],[216,20,0,true,false,true],[217,5,1,true,false,false],[218,2,0,false,false,false],[222,24,1,true,true,false],[224,31,0,true,false,true],[225,5,1,true,false,false],[227,2,0,false,false,false],[229,25,1,true,true,false],[231,34,0,true,false,true],[232,5,1,true,false,false],[234,2,0,false,false,false],[236,32,1,true,true,false],[238,41,0,true,false,true],[239,5,1,true,false,false],[241,2,0,false,false,false],[243,26,1,true,true,false],[245,35,0,true,false,true],[246,5,1,true,false,false],[248,2,0,false,false,false],[250,31,1,true,true,false],[252,45,0,true,false,true],[253,5,1,true,false,false],[255,2,0,false,false,false],[258,17,1,true,true,false],[259,1,0,false,true,false],[259,20,1,true,false,false],[270,1,0,false,true,false],[270,17,1,true,false,false],[275,1,0,false,true,false],[275,21,1,true,false,false],[281,2,0,false,false,false]],"summary":{"branches":{"count":0,"covered":0,"notcovered":0,"percent":0},"functions":{"count":20,"covered":20,"percent":100},"instantiations":{"count":20,"covered":20,"percent":100},"lines":{"count":249,"covered":178,"percent":71.485943775100395},"regions":{"count":20,"covered":20,"notcovered":0,"percent":100}}},{"branches":[[16,8,16,18,0,0,0,0,4],[19,21,19,30,0,0,0,0,4],[34,11,34,15,0,0,0,0,4],[37,12,37,27,0,0,0,0,4],[45,11,45,15,0,0,0,0,4],[48,12,48,29,0,0,0,0,4],[56,11,56,15,0,0,0,0,4],[59,12,59,43,0,0,0,0,4],[70,11,70,15,0,0,0,0,4],[73,12,73,31,0,0,0,0,4],[81,11,81,15,0,0,0,0,4],[84,12,84,41,0,0,0,0,4],[97,11,97,15,0,0,0,0,4],[100,12,100,27,0,0,0,0,4],[106,8,106,15,0,0,0,0,4],[113,12,113,18,0,0,0,0,4],[116,19,116,23,0,0,0,0,4],[119,20,119,43,0,0,0,0,4],[126,17,126,23,0,0,0,0,4],[129,19,129,23,0,0,0,0,4],[132,20,132,48,0,0,0,0,4],[139,17,139,23,0,0,0,0,4],[142,19,142,23,0,0,0,0,4],[145,20,145,43,0,0,0,0,4],[153,19,153,23,0,0,0,0,4],[156,20,156,48,0,0,0,0,4],[175,11,175,15,0,0,0,0,4],[178,12,178,27,0,0,0,0,4],[184,8,184,15,0,0,0,0,4],[193,8,193,18,0,0,0,0,4],[196,15,196,20,0,0,0,0,4],[201,16,201,22,0,0,0,0,4],[201,26,201,32,0,0,0,0,4],[208,15,208,20,0,0,0,0,4],[213,16,213,27,0,0,0,0,4],[215,21,215,32,0,0,0,0,4],[226,8,226,18,0,0,0,0,4],[229,15,229,19,0,0,0,0,4],[235,16,235,27,0,0,0,0,4],[239,23,239,28,0,0,0,0,4],[242,24,242,55,0,0,0,0,4],[250,21,250,32,0,0,0,0,4],[254,23,254,28,0,0,0,0,4],[257,24,257,43,0,0,0,0,4],[265,21,265,32,0,0,0,0,4],[269,23,269,28,0,0,0,0,4],[272,24,272,53,0,0,0,0,4],[290,11,290,15,0,0,0,0,4],[297,13,297,21,0,0,0,0,4],[300,13,300,21,0,0,0,0,4],[303,13,303,21,0,0,0,0,4],[306,13,306,21,0,0,0,0,4],[309,13,309,21,0,0,0,0,4],[312,13,312,21,0,0,0,0,4],[315,13,315,21,0,0,0,0,4],[318,13,318,20,0,0,0,0,4]],"expansions":[],"filename":"/Users/titienipaul/Desktop/Facultate/sem2/OOP/Lab2-4/ui/ui.c","segments":[[5,15,0,true,true,false],[13,2,0,false,false,false],[15,33,0,true,true,false],[16,8,0,true,true,false],[16,18,0,true,false,false],[17,9,0,true,true,false],[17,38,0,true,false,false],[18,9,0,true,true,false],[19,21,0,true,true,false],[19,30,0,true,false,false],[19,31,0,true,true,false],[19,34,0,true,false,false],[19,35,0,true,true,false],[27,10,0,true,false,false],[29,2,0,false,false,false],[31,37,0,true,true,false],[34,11,0,true,true,false],[34,15,0,true,false,false],[34,16,0,true,true,false],[37,12,0,true,true,false],[37,27,0,true,false,false],[38,13,0,true,true,false],[38,16,0,true,false,false],[40,13,0,true,true,false],[40,35,0,true,false,false],[42,1,0,false,true,false],[42,1,0,true,false,false],[45,11,0,true,true,false],[45,15,0,true,false,false],[45,16,0,true,true,false],[48,12,0,true,true,false],[48,29,0,true,false,false],[49,13,0,true,true,false],[49,16,0,true,false,false],[51,13,0,true,true,false],[51,36,0,true,false,false],[53,1,0,false,true,false],[53,1,0,true,false,false],[56,11,0,true,true,false],[56,15,0,true,false,false],[56,16,0,true,true,false],[59,12,0,true,true,false],[59,43,0,true,false,false],[60,13,0,true,true,false],[60,16,0,true,false,false],[62,13,0,true,true,false],[62,43,0,true,false,false],[67,1,0,false,true,false],[67,1,0,true,false,false],[70,11,0,true,true,false],[70,15,0,true,false,false],[70,16,0,true,true,false],[73,12,0,true,true,false],[73,31,0,true,false,false],[74,13,0,true,true,false],[74,16,0,true,false,false],[76,13,0,true,true,false],[76,37,0,true,false,false],[78,1,0,false,true,false],[78,1,0,true,false,false],[81,11,0,true,true,false],[81,15,0,true,false,false],[81,16,0,true,true,false],[84,12,0,true,true,false],[84,41,0,true,false,false],[85,13,0,true,true,false],[85,16,0,true,false,false],[87,13,0,true,true,false],[87,43,0,true,false,false],[89,1,0,false,true,false],[89,1,0,true,false,false],[92,2,0,false,false,false],[94,40,0,true,true,false],[97,11,0,true,true,false],[97,15,0,true,false,false],[97,16,0,true,true,false],[100,12,0,true,true,false],[100,27,0,true,false,false],[101,13,0,true,true,false],[101,16,0,true,false,false],[103,13,0,true,true,false],[103,35,0,true,false,false],[106,8,0,true,true,false],[106,15,0,true,false,false],[106,16,0,true,true,false],[113,12,0,true,true,false],[113,18,0,true,false,false],[113,19,0,true,true,false],[116,19,0,true,true,false],[116,23,0,true,false,false],[116,24,0,true,true,false],[119,20,0,true,true,false],[119,43,0,true,false,false],[120,21,0,true,true,false],[120,24,0,true,false,false],[122,21,0,true,true,false],[122,45,0,true,false,false],[126,14,0,true,true,false],[126,17,0,true,true,false],[126,23,0,true,false,false],[126,24,0,true,true,false],[129,19,0,true,true,false],[129,23,0,true,false,false],[129,24,0,true,true,false],[132,20,0,true,true,false],[132,48,0,true,false,false],[133,21,0,true,true,false],[133,24,0,true,false,false],[135,21,0,true,true,false],[135,51,0,true,false,false],[139,14,0,true,true,false],[139,17,0,true,true,false],[139,23,0,true,false,false],[139,24,0,true,true,false],[142,19,0,true,true,false],[142,23,0,true,false,false],[142,24,0,true,true,false],[145,20,0,true,true,false],[145,43,0,true,false,false],[146,21,0,true,true,false],[146,24,0,true,false,false],[148,21,0,true,true,false],[148,45,0,true,false,false],[153,19,0,true,true,false],[153,23,0,true,false,false],[153,24,0,true,true,false],[156,20,0,true,true,false],[156,48,0,true,false,false],[157,21,0,true,true,false],[157,24,0,true,false,false],[159,21,0,true,true,false],[159,51,0,true,false,false],[163,13,0,true,true,false],[165,10,0,true,false,false],[168,9,0,true,true,false],[168,57,0,true,false,false],[169,1,0,false,true,false],[169,1,0,true,false,false],[170,2,0,false,false,false],[172,35,0,true,true,false],[175,11,0,true,true,false],[175,15,0,true,false,false],[175,16,0,true,true,false],[178,12,0,true,true,false],[178,27,0,true,false,false],[179,13,0,true,true,false],[179,16,0,true,false,false],[181,13,0,true,true,false],[181,35,0,true,false,false],[184,8,0,true,true,false],[184,15,0,true,false,false],[184,16,0,true,true,false],[186,6,0,true,false,true],[187,9,0,true,true,false],[189,6,0,true,false,false],[190,2,0,false,false,false],[192,29,0,true,true,false],[193,8,0,true,true,false],[193,18,0,true,false,false],[193,19,0,true,true,false],[196,15,0,true,true,false],[196,20,0,true,false,false],[196,21,0,true,true,false],[201,16,0,true,true,false],[201,22,0,true,false,false],[201,26,0,true,true,false],[201,32,0,true,false,false],[202,17,0,true,true,false],[202,21,0,true,false,false],[204,17,0,true,true,false],[204,45,0,true,false,false],[208,15,0,true,true,false],[208,20,0,true,false,false],[208,21,0,true,true,false],[213,16,0,true,true,false],[213,27,0,true,false,false],[214,17,0,true,true,false],[214,72,0,true,false,false],[215,18,0,true,true,false],[215,21,0,true,true,false],[215,32,0,true,false,false],[216,17,0,true,true,false],[216,77,0,true,false,false],[218,17,0,true,true,false],[218,45,0,true,false,false],[222,9,0,true,true,false],[222,53,0,true,false,false],[223,2,0,false,false,false],[225,30,0,true,true,false],[226,8,0,true,true,false],[226,18,0,true,false,false],[226,19,0,true,true,false],[229,15,0,true,true,false],[229,19,0,true,false,false],[229,20,0,true,true,false],[235,16,0,true,true,false],[235,27,0,true,false,false],[235,28,0,true,true,false],[239,23,0,true,true,false],[239,28,0,true,false,false],[239,29,0,true,true,false],[242,24,0,true,true,false],[242,55,0,true,false,false],[243,25,0,true,true,false],[243,29,0,true,false,false],[245,25,0,true,true,false],[245,55,0,true,false,false],[250,18,0,true,true,false],[250,21,0,true,true,false],[250,32,0,true,false,false],[250,33,0,true,true,false],[254,23,0,true,true,false],[254,28,0,true,false,false],[254,29,0,true,true,false],[257,24,0,true,true,false],[257,43,0,true,false,false],[258,25,0,true,true,false],[258,29,0,true,false,false],[260,25,0,true,true,false],[260,49,0,true,false,false],[265,18,0,true,true,false],[265,21,0,true,true,false],[265,32,0,true,false,false],[265,33,0,true,true,false],[269,23,0,true,true,false],[269,28,0,true,false,false],[269,29,0,true,true,false],[272,24,0,true,true,false],[272,53,0,true,false,false],[273,25,0,true,true,false],[273,29,0,true,false,false],[275,25,0,true,true,false],[275,49,0,true,false,false],[281,17,0,true,true,false],[281,45,0,true,false,false],[285,9,0,true,true,false],[285,53,0,true,false,false],[286,2,0,false,false,false],[288,31,0,true,true,false],[290,11,0,true,true,false],[290,15,0,true,false,false],[290,16,0,true,true,false],[296,9,0,true,false,true],[297,13,0,true,true,false],[299,22,0,true,false,true],[300,13,0,true,true,false],[302,22,0,true,false,true],[303,13,0,true,true,false],[305,22,0,true,false,true],[306,13,0,true,true,false],[308,22,0,true,false,true],[309,13,0,true,true,false],[311,22,0,true,false,true],[312,13,0,true,true,false],[314,22,0,true,false,true],[315,13,0,true,true,false],[317,22,0,true,false,true],[318,13,0,true,true,false],[320,22,0,true,false,false],[323,2,0,false,false,false]],"summary":{"branches":{"count":112,"covered":0,"notcovered":112,"percent":0},"functions":{"count":8,"covered":0,"percent":0},"instantiations":{"count":8,"covered":0,"percent":0},"lines":{"count":306,"covered":0,"percent":0},"regions":{"count":141,"covered":0,"notcovered":141,"percent":0}}},{"branches":[[4,8,4,12,1,1,0,0,4],[10,8,10,32,0,2,0,0,4],[10,36,10,59,0,2,0,0,4],[10,63,10,88,0,2,0,0,4],[10,92,10,118,0,2,0,0,4],[10,122,10,146,1,1,0,0,4],[16,8,16,36,0,2,0,0,4],[16,40,16,69,1,1,0,0,4],[16,73,16,101,0,1,0,0,4],[16,105,16,131,0,1,0,0,4],[22,8,22,15,1,1,0,0,4],[28,8,28,20,1,1,0,0,4]],"expansions":[],"filename":"/Users/titienipaul/Desktop/Facultate/sem2/OOP/Lab2-4/validari/validator.c","segments":[[3,24,2,true,true,false],[4,8,2,true,true,false],[4,12,2,true,false,false],[4,13,1,true,false,true],[5,9,1,true,true,false],[5,17,2,true,false,false],[5,18,1,true,false,true],[6,5,1,true,true,false],[6,13,2,true,false,false],[7,2,0,false,false,false],[9,29,2,true,true,false],[10,8,2,true,true,false],[10,32,2,true,false,false],[10,36,2,true,true,false],[10,59,2,true,false,false],[10,63,2,true,true,false],[10,88,2,true,false,false],[10,92,2,true,true,false],[10,118,2,true,false,false],[10,122,2,true,true,false],[10,146,2,true,false,false],[10,147,1,true,false,true],[11,9,1,true,true,false],[11,17,2,true,false,false],[11,18,1,true,false,true],[12,5,1,true,true,false],[12,13,2,true,false,false],[13,2,0,false,false,false],[15,43,2,true,true,false],[16,8,2,true,true,false],[16,36,2,true,false,false],[16,40,2,true,true,false],[16,69,2,true,false,false],[16,73,1,true,true,false],[16,101,2,true,false,false],[16,105,1,true,true,false],[16,131,2,true,false,false],[16,132,1,true,false,true],[17,9,1,true,true,false],[17,17,2,true,false,false],[17,18,1,true,false,true],[18,5,1,true,true,false],[18,13,2,true,false,false],[19,2,0,false,false,false],[21,28,2,true,true,false],[22,8,2,true,true,false],[22,15,2,true,false,false],[22,16,1,true,false,true],[23,9,1,true,true,false],[23,17,2,true,false,false],[23,18,1,true,false,true],[24,5,1,true,true,false],[24,13,2,true,false,false],[25,2,0,false,false,false],[27,39,2,true,true,false],[28,8,2,true,true,false],[28,20,2,true,false,false],[28,21,1,true,false,true],[29,9,1,true,true,false],[29,17,2,true,false,false],[29,18,1,true,false,true],[30,5,1,true,true,false],[30,13,2,true,false,false],[31,2,0,false,false,false]],"summary":{"branches":{"count":24,"covered":17,"notcovered":7,"percent":70.833333333333343},"functions":{"count":5,"covered":5,"percent":100},"instantiations":{"count":5,"covered":5,"percent":100},"lines":{"count":25,"covered":25,"percent":100},"regions":{"count":34,"covered":34,"notcovered":0,"percent":100}}}],"functions":[{"branches":[],"count":1,"filenames":["/Users/titienipaul/Desktop/Facultate/sem2/OOP/Lab2-4/main.c"],"name":"main","regions":[[5,11,10,2,1,0,0,0],[8,1,8,24,0,0,0,2]]},{"branches":[],"count":31,"filenames":["/Users/titienipaul/Desktop/Facultate/sem2/OOP/Lab2-4/domain/domain.c"],"name":"creare_produs","regions":[[5,93,22,2,31,0,0,0],[6,1,6,1,0,0,0,2],[8,1,8,1,0,0,0,2],[11,1,11,1,0,0,0,2],[14,1,14,1,0,0,0,2],[17,1,17,1,0,0,0,2]]},{"branches":[],"count":3,"filenames":["/Users/titienipaul/Desktop/Facultate/sem2/OOP/Lab2-4/domain/domain.c"],"name":"distruge_produs","regions":[[24,32,29,2,3,0,0,0]]},{"branches":[],"count":101,"filenames":["/Users/titienipaul/Desktop/Facultate/sem2/OOP/Lab2-4/domain/domain.c"],"name":"get_id","regions":[[31,22,33,2,101,0,0,0]]},{"branches":[],"count":2,"filenames":["/Users/titienipaul/Desktop/Facultate/sem2/OOP/Lab2-4/domain/domain.c"],"name":"get_tip","regions":[[35,25,37,2,2,0,0,0]]},{"branches":[],"count":8,"filenames":["/Users/titienipaul/Desktop/Facultate/sem2/OOP/Lab2-4/domain/domain.c"],"name":"get_producator","regions":[[39,32,41,2,8,0,0,0]]},{"branches":[],"count":2,"filenames":["/Users/titienipaul/Desktop/Facultate/sem2/OOP/Lab2-4/domain/domain.c"],"name":"get_model","regions":[[43,27,45,2,2,0,0,0]]},{"branches":[],"count":25,"filenames":["/Users/titienipaul/Desktop/Facultate/sem2/OOP/Lab2-4/domain/domain.c"],"name":"get_pret","regions":[[47,24,49,2,25,0,0,0]]},{"branches":[],"count":61,"filenames":["/Users/titienipaul/Desktop/Facultate/sem2/OOP/Lab2-4/domain/domain.c"],"name":"get_cantitate","regions":[[51,29,53,2,61,0,0,0]]},{"branches":[],"count":2,"filenames":["/Users/titienipaul/Desktop/Facultate/sem2/OOP/Lab2-4/domain/domain.c"],"name":"set_pret","regions":[[55,39,57,2,2,0,0,0]]},{"branches":[],"count":3,"filenames":["/Users/titienipaul/Desktop/Facultate/sem2/OOP/Lab2-4/domain/domain.c"],"name":"set_cantitate","regions":[[59,43,61,2,3,0,0,0]]},{"branches":[],"count":19,"filenames":["/Users/titienipaul/Desktop/Facultate/sem2/OOP/Lab2-4/repo/store.c"],"name":"creare_lista","regions":[[6,21,15,2,19,0,0,0],[8,1,8,1,0,0,0,2],[10,1,10,1,0,0,0,2],[13,1,13,1,0,0,0,2]]},{"branches":[[18,17,18,24,27,13,0,0,4]],"count":13,"filenames":["/Users/titienipaul/Desktop/Facultate/sem2/OOP/Lab2-4/repo/store.c"],"name":"distruge_lista","regions":[[17,30,21,2,13,0,0,0],[18,17,18,24,40,0,0,0],[18,25,18,28,27,0,0,0],[18,29,19,9,27,0,0,3],[19,9,19,34,27,0,0,0]]},{"branches":[[29,17,29,24,16,7,0,0,4]],"count":7,"filenames":["/Users/titienipaul/Desktop/Facultate/sem2/OOP/Lab2-4/repo/store.c"],"name":"redimensionare","regions":[[23,30,33,2,7,0,0,0],[25,1,25,1,0,0,0,2],[28,1,28,1,0,0,0,2],[29,17,29,24,23,0,0,0],[29,25,29,28,16,0,0,0],[29,29,30,9,16,0,0,3],[30,9,30,39,16,0,0,0],[31,1,31,1,0,0,0,2]]},{"branches":[[37,21,37,33,39,39,0,0,4],[38,13,38,49,4,35,0,0,4]],"count":39,"filenames":["/Users/titienipaul/Desktop/Facultate/sem2/OOP/Lab2-4/repo/store.c"],"name":"find","regions":[[35,35,41,2,39,0,0,0],[37,21,37,33,78,0,0,0],[37,35,37,38,39,0,0,0],[37,39,38,9,39,0,0,3],[38,9,39,39,39,0,0,0],[38,13,38,49,39,0,0,0],[38,50,39,13,4,0,0,3],[39,13,39,39,4,0,0,0]]},{"branches":[[46,8,46,21,1,34,0,0,4],[51,12,51,32,7,27,0,0,4]],"count":35,"filenames":["/Users/titienipaul/Desktop/Facultate/sem2/OOP/Lab2-4/repo/store.c"],"name":"adaugare_produs","regions":[[43,45,56,2,35,0,0,0],[46,8,46,21,35,0,0,0],[46,22,49,6,1,0,0,0],[49,6,50,9,34,0,0,3],[50,9,55,6,34,0,0,0],[51,12,51,32,34,0,0,0],[51,33,52,13,7,0,0,3],[52,13,52,34,7,0,0,0]]},{"branches":[],"count":1,"filenames":["/Users/titienipaul/Desktop/Facultate/sem2/OOP/Lab2-4/service/manager.c"],"name":"actualizare_pret","regions":[[6,55,9,2,1,0,0,0]]},{"branches":[],"count":1,"filenames":["/Users/titienipaul/Desktop/Facultate/sem2/OOP/Lab2-4/service/manager.c"],"name":"actualizare_cantitate","regions":[[11,60,14,2,1,0,0,0]]},{"branches":[[19,17,19,27,4,1,0,0,4],[19,31,19,38,3,1,0,0,4],[20,12,20,46,1,2,0,0,4],[22,8,22,15,1,1,0,0,4],[24,25,24,35,1,1,0,0,4]],"count":2,"filenames":["/Users/titienipaul/Desktop/Facultate/sem2/OOP/Lab2-4/service/manager.c"],"name":"sterge_produs","regions":[[17,39,28,2,2,0,0,0],[19,17,19,27,5,0,0,0],[19,17,19,38,5,0,0,0],[19,31,19,38,4,0,0,0],[19,39,19,42,3,0,0,0],[19,43,20,9,3,0,0,3],[20,9,21,18,3,0,0,0],[20,12,20,46,3,0,0,0],[20,47,21,13,1,0,0,3],[21,13,21,18,1,0,0,0],[22,8,22,15,2,0,0,0],[22,16,27,6,1,0,0,0],[24,25,24,35,2,0,0,0],[24,36,24,39,1,0,0,0],[24,40,25,13,1,0,0,3],[25,13,25,60,1,0,0,0]]},{"branches":[[32,17,32,29,4,2,0,0,4],[33,23,33,33,6,4,0,0,4],[34,16,34,25,3,3,0,0,4],[35,20,35,85,1,2,0,0,4],[42,20,42,85,3,0,0,0,4]],"count":2,"filenames":["/Users/titienipaul/Desktop/Facultate/sem2/OOP/Lab2-4/service/manager.c"],"name":"sortare_dupa_pret","regions":[[31,47,48,2,2,0,0,0],[32,17,32,29,6,0,0,0],[32,30,32,33,4,0,0,0],[32,34,33,9,4,0,0,3],[33,9,47,14,4,0,0,0],[33,23,33,33,10,0,0,0],[33,34,33,37,6,0,0,0],[33,38,34,13,6,0,0,3],[34,13,47,14,6,0,0,0],[34,16,34,25,6,0,0,0],[34,26,40,14,3,0,0,0],[35,20,35,85,3,0,0,0],[35,86,39,18,1,0,0,0],[40,14,41,17,3,0,0,3],[41,17,47,14,3,0,0,0],[42,20,42,85,3,0,0,0],[42,86,46,18,3,0,0,0]]},{"branches":[[52,17,52,29,4,2,0,0,4],[53,23,53,33,6,4,0,0,4],[54,16,54,25,3,3,0,0,4],[55,20,55,95,1,2,0,0,4],[62,20,62,95,3,0,0,0,4]],"count":2,"filenames":["/Users/titienipaul/Desktop/Facultate/sem2/OOP/Lab2-4/service/manager.c"],"name":"sortare_dupa_cantitate","regions":[[50,52,68,2,2,0,0,0],[51,1,51,1,0,0,0,2],[52,17,52,29,6,0,0,0],[52,30,52,33,4,0,0,0],[52,34,53,9,4,0,0,3],[53,9,67,14,4,0,0,0],[53,23,53,33,10,0,0,0],[53,34,53,37,6,0,0,0],[53,38,54,13,6,0,0,3],[54,13,67,14,6,0,0,0],[54,16,54,25,6,0,0,0],[54,26,60,14,3,0,0,0],[55,20,55,95,3,0,0,0],[55,96,59,18,1,0,0,0],[60,14,61,17,3,0,0,3],[61,17,67,14,3,0,0,0],[62,20,62,95,3,0,0,0],[62,96,66,18,3,0,0,0]]},{"branches":[[73,17,73,27,6,2,0,0,4],[74,12,74,72,2,4,0,0,4]],"count":2,"filenames":["/Users/titienipaul/Desktop/Facultate/sem2/OOP/Lab2-4/service/manager.c"],"name":"filtrare_producator","regions":[[71,57,77,2,2,0,0,0],[73,17,73,27,8,0,0,0],[73,28,73,31,6,0,0,0],[73,32,74,9,6,0,0,3],[74,9,75,57,6,0,0,0],[74,12,74,72,6,0,0,0],[74,73,75,13,2,0,0,3],[75,13,75,57,2,0,0,0]]},{"branches":[[81,17,81,27,6,2,0,0,4],[82,12,82,50,2,4,0,0,4]],"count":2,"filenames":["/Users/titienipaul/Desktop/Facultate/sem2/OOP/Lab2-4/service/manager.c"],"name":"filtrare_pret","regions":[[79,42,85,2,2,0,0,0],[81,17,81,27,8,0,0,0],[81,28,81,31,6,0,0,0],[81,32,82,9,6,0,0,3],[82,9,83,57,6,0,0,0],[82,12,82,50,6,0,0,0],[82,51,83,13,2,0,0,3],[83,13,83,57,2,0,0,0]]},{"branches":[[89,17,89,27,6,2,0,0,4],[90,12,90,60,2,4,0,0,4]],"count":2,"filenames":["/Users/titienipaul/Desktop/Facultate/sem2/OOP/Lab2-4/service/manager.c"],"name":"filtrare_cantitate","regions":[[87,52,93,2,2,0,0,0],[89,17,89,27,8,0,0,0],[89,28,89,31,6,0,0,0],[89,32,90,9,6,0,0,3],[90,9,91,57,6,0,0,0],[90,12,90,60,6,0,0,0],[90,61,91,13,2,0,0,3],[91,13,91,57,2,0,0,0]]},{"branches":[],"count":1,"filenames":["/Users/titienipaul/Desktop/Facultate/sem2/OOP/Lab2-4/teste/teste.c"],"name":"test_creare_produs","regions":[[7,26,16,2,1,0,0,0],[9,25,10,5,0,0,0,3],[10,44,11,5,0,0,0,3],[11,48,12,5,0,0,0,3],[12,42,13,5,0,0,0,3],[13,29,14,5,0,0,0,3],[14,32,15,5,0,0,0,3]]},{"branches":[],"count":1,"filenames":["/Users/titienipaul/Desktop/Facultate/sem2/OOP/Lab2-4/teste/teste.c"],"name":"test_get_set","regions":[[18,20,32,2,1,0,0,0],[20,25,21,5,0,0,0,3],[21,44,22,5,0,0,0,3],[22,54,23,5,0,0,0,3],[23,42,24,5,0,0,0,3],[24,29,25,5,0,0,0,3],[25,32,26,5,0,0,0,3],[27,32,28,5,0,0,0,3],[28,29,29,5,0,0,0,3],[30,29,31,5,0,0,0,3]]},{"branches":[],"count":1,"filenames":["/Users/titienipaul/Desktop/Facultate/sem2/OOP/Lab2-4/teste/teste.c"],"name":"test_actualizare_pret","regions":[[34,29,42,2,1,0,0,0],[38,45,39,5,0,0,0,3],[40,45,41,5,0,0,0,3]]},{"branches":[],"count":1,"filenames":["/Users/titienipaul/Desktop/Facultate/sem2/OOP/Lab2-4/teste/teste.c"],"name":"test_actualizare_cantitate","regions":[[44,34,52,2,1,0,0,0],[48,49,49,5,0,0,0,3],[50,49,51,5,0,0,0,3]]},{"branches":[],"count":1,"filenames":["/Users/titienipaul/Desktop/Facultate/sem2/OOP/Lab2-4/teste/teste.c"],"name":"test_sterge_produs","regions":[[54,26,67,2,1,0,0,0],[60,20,61,5,0,0,0,3],[62,20,63,5,0,0,0,3],[64,20,65,5,0,0,0,3],[65,42,66,5,0,0,0,3]]},{"branches":[],"count":1,"filenames":["/Users/titienipaul/Desktop/Facultate/sem2/OOP/Lab2-4/teste/teste.c"],"name":"test_sortare_dupa_pret","regions":[[69,30,87,2,1,0,0,0],[77,20,78,5,0,0,0,3],[79,42,80,5,0,0,0,3],[80,42,81,5,0,0,0,3],[81,42,82,5,0,0,0,3],[83,42,84,5,0,0,0,3],[84,42,85,5,0,0,0,3],[85,42,86,5,0,0,0,3]]},{"branches":[],"count":1,"filenames":["/Users/titienipaul/Desktop/Facultate/sem2/OOP/Lab2-4/teste/teste.c"],"name":"test_sortare_dupa_cantiate","regions":[[89,34,107,2,1,0,0,0],[97,20,98,5,0,0,0,3],[99,42,100,5,0,0,0,3],[100,42,101,5,0,0,0,3],[101,42,102,5,0,0,0,3],[103,42,104,5,0,0,0,3],[104,42,105,5,0,0,0,3],[105,42,106,5,0,0,0,3]]},{"branches":[],"count":1,"filenames":["/Users/titienipaul/Desktop/Facultate/sem2/OOP/Lab2-4/teste/teste.c"],"name":"test_filtrare_producator","regions":[[109,32,124,2,1,0,0,0],[117,20,118,5,0,0,0,3],[119,45,120,5,0,0,0,3],[120,45,121,5,0,0,0,3],[122,23,123,5,0,0,0,3]]},{"branches":[],"count":1,"filenames":["/Users/titienipaul/Desktop/Facultate/sem2/OOP/Lab2-4/teste/teste.c"],"name":"test_filtrare_pret","regions":[[126,26,141,2,1,0,0,0],[134,20,135,5,0,0,0,3],[136,45,137,5,0,0,0,3],[137,45,138,5,0,0,0,3],[139,23,140,5,0,0,0,3]]},{"branches":[],"count":1,"filenames":["/Users/titienipaul/Desktop/Facultate/sem2/OOP/Lab2-4/teste/teste.c"],"name":"test_filtrare_cantitate","regions":[[143,31,158,2,1,0,0,0],[151,20,152,5,0,0,0,3],[153,45,154,5,0,0,0,3],[154,45,155,5,0,0,0,3],[156,23,157,5,0,0,0,3]]},{"branches":[],"count":1,"filenames":["/Users/titienipaul/Desktop/Facultate/sem2/OOP/Lab2-4/teste/teste.c"],"name":"test_creare_lista","regions":[[161,25,165,2,1,0,0,0],[163,20,164,5,0,0,0,3]]},{"branches":[],"count":1,"filenames":["/Users/titienipaul/Desktop/Facultate/sem2/OOP/Lab2-4/teste/teste.c"],"name":"test_adaugare_produs","regions":[[167,28,184,2,1,0,0,0],[172,23,173,5,0,0,0,3],[174,23,175,5,0,0,0,3],[175,52,176,5,0,0,0,3],[177,23,178,5,0,0,0,3],[179,23,180,5,0,0,0,3],[180,45,181,5,0,0,0,3],[181,52,182,5,0,0,0,3],[182,45,183,5,0,0,0,3]]},{"branches":[],"count":1,"filenames":["/Users/titienipaul/Desktop/Facultate/sem2/OOP/Lab2-4/teste/teste.c"],"name":"test_find","regions":[[186,17,199,2,1,0,0,0],[193,31,194,5,0,0,0,3],[194,38,195,5,0,0,0,3],[195,35,196,5,0,0,0,3],[197,26,198,5,0,0,0,3]]},{"branches":[],"count":1,"filenames":["/Users/titienipaul/Desktop/Facultate/sem2/OOP/Lab2-4/teste/teste.c"],"name":"test_redimensionare","regions":[[201,27,218,2,1,0,0,0],[210,20,211,5,0,0,0,3],[212,20,213,5,0,0,0,3],[215,20,216,5,0,0,0,3],[216,20,217,5,0,0,0,3]]},{"branches":[],"count":1,"filenames":["/Users/titienipaul/Desktop/Facultate/sem2/OOP/Lab2-4/teste/teste.c"],"name":"test_validare_id","regions":[[222,24,227,2,1,0,0,0],[224,31,225,5,0,0,0,3]]},{"branches":[],"count":1,"filenames":["/Users/titienipaul/Desktop/Facultate/sem2/OOP/Lab2-4/teste/teste.c"],"name":"test_validare_tip","regions":[[229,25,234,2,1,0,0,0],[231,34,232,5,0,0,0,3]]},{"branches":[],"count":1,"filenames":["/Users/titienipaul/Desktop/Facultate/sem2/OOP/Lab2-4/teste/teste.c"],"name":"test_validare_producator","regions":[[236,32,241,2,1,0,0,0],[238,41,239,5,0,0,0,3]]},{"branches":[],"count":1,"filenames":["/Users/titienipaul/Desktop/Facultate/sem2/OOP/Lab2-4/teste/teste.c"],"name":"test_validare_pret","regions":[[243,26,248,2,1,0,0,0],[245,35,246,5,0,0,0,3]]},{"branches":[],"count":1,"filenames":["/Users/titienipaul/Desktop/Facultate/sem2/OOP/Lab2-4/teste/teste.c"],"name":"test_validare_cantitate","regions":[[250,31,255,2,1,0,0,0],[252,45,253,5,0,0,0,3]]},{"branches":[],"count":1,"filenames":["/Users/titienipaul/Desktop/Facultate/sem2/OOP/Lab2-4/teste/teste.c"],"name":"run_teste","regions":[[258,17,281,2,1,0,0,0],[259,1,259,20,0,0,0,2],[270,1,270,17,0,0,0,2],[275,1,275,21,0,0,0,2]]},{"branches":[],"count":0,"filenames":["/Users/titienipaul/Desktop/Facultate/sem2/OOP/Lab2-4/ui/ui.c"],"name":"print_m","regions":[[5,15,13,2,0,0,0,0]]},{"branches":[[16,8,16,18,0,0,0,0,4],[19,21,19,30,0,0,0,0,4]],"count":0,"filenames":["/Users/titienipaul/Desktop/Facultate/sem2/OOP/Lab2-4/ui/ui.c"],"name":"afisare_produse","regions":[[15,33,29,2,0,0,0,0],[16,8,16,18,0,0,0,0],[16,19,17,9,0,0,0,3],[17,9,17,38,0,0,0,0],[17,39,18,9,0,0,0,3],[18,9,28,6,0,0,0,0],[19,21,19,30,0,0,0,0],[19,31,19,34,0,0,0,0],[19,35,27,10,0,0,0,0]]},{"branches":[[34,11,34,15,0,0,0,0,4],[37,12,37,27,0,0,0,0,4],[45,11,45,15,0,0,0,0,4],[48,12,48,29,0,0,0,0,4],[56,11,56,15,0,0,0,0,4],[59,12,59,43,0,0,0,0,4],[70,11,70,15,0,0,0,0,4],[73,12,73,31,0,0,0,0,4],[81,11,81,15,0,0,0,0,4],[84,12,84,41,0,0,0,0,4]],"count":0,"filenames":["/Users/titienipaul/Desktop/Facultate/sem2/OOP/Lab2-4/ui/ui.c"],"name":"adaugare_produs_ui","regions":[[31,37,92,2,0,0,0,0],[34,11,34,15,0,0,0,0],[34,16,41,6,0,0,0,0],[37,12,37,27,0,0,0,0],[37,28,38,13,0,0,0,3],[38,13,38,16,0,0,0,0],[38,17,40,13,0,0,0,3],[40,13,40,35,0,0,0,0],[42,1,42,1,0,0,0,2],[45,11,45,15,0,0,0,0],[45,16,52,6,0,0,0,0],[48,12,48,29,0,0,0,0],[48,30,49,13,0,0,0,3],[49,13,49,16,0,0,0,0],[49,17,51,13,0,0,0,3],[51,13,51,36,0,0,0,0],[53,1,53,1,0,0,0,2],[56,11,56,15,0,0,0,0],[56,16,63,6,0,0,0,0],[59,12,59,43,0,0,0,0],[59,44,60,13,0,0,0,3],[60,13,60,16,0,0,0,0],[60,17,62,13,0,0,0,3],[62,13,62,43,0,0,0,0],[67,1,67,1,0,0,0,2],[70,11,70,15,0,0,0,0],[70,16,77,6,0,0,0,0],[73,12,73,31,0,0,0,0],[73,32,74,13,0,0,0,3],[74,13,74,16,0,0,0,0],[74,17,76,13,0,0,0,3],[76,13,76,37,0,0,0,0],[78,1,78,1,0,0,0,2],[81,11,81,15,0,0,0,0],[81,16,88,6,0,0,0,0],[84,12,84,41,0,0,0,0],[84,42,85,13,0,0,0,3],[85,13,85,16,0,0,0,0],[85,17,87,13,0,0,0,3],[87,13,87,43,0,0,0,0],[89,1,89,1,0,0,0,2]]},{"branches":[[97,11,97,15,0,0,0,0,4],[100,12,100,27,0,0,0,0,4],[106,8,106,15,0,0,0,0,4],[113,12,113,18,0,0,0,0,4],[116,19,116,23,0,0,0,0,4],[119,20,119,43,0,0,0,0,4],[126,17,126,23,0,0,0,0,4],[129,19,129,23,0,0,0,0,4],[132,20,132,48,0,0,0,0,4],[139,17,139,23,0,0,0,0,4],[142,19,142,23,0,0,0,0,4],[145,20,145,43,0,0,0,0,4],[153,19,153,23,0,0,0,0,4],[156,20,156,48,0,0,0,0,4]],"count":0,"filenames":["/Users/titienipaul/Desktop/Facultate/sem2/OOP/Lab2-4/ui/ui.c"],"name":"actualizare_produs_ui","regions":[[94,40,170,2,0,0,0,0],[97,11,97,15,0,0,0,0],[97,16,104,6,0,0,0,0],[100,12,100,27,0,0,0,0],[100,28,101,13,0,0,0,3],[101,13,101,16,0,0,0,0],[101,17,103,13,0,0,0,3],[103,13,103,35,0,0,0,0],[106,8,106,15,0,0,0,0],[106,16,166,6,0,0,0,0],[113,12,113,18,0,0,0,0],[113,19,125,10,0,0,0,0],[116,19,116,23,0,0,0,0],[116,24,123,14,0,0,0,0],[119,20,119,43,0,0,0,0],[119,44,120,21,0,0,0,3],[120,21,120,24,0,0,0,0],[120,25,122,21,0,0,0,3],[122,21,122,45,0,0,0,0],[125,10,126,14,0,0,0,3],[126,14,165,10,0,0,0,0],[126,17,126,23,0,0,0,0],[126,24,138,10,0,0,0,0],[129,19,129,23,0,0,0,0],[129,24,136,14,0,0,0,0],[132,20,132,48,0,0,0,0],[132,49,133,21,0,0,0,3],[133,21,133,24,0,0,0,0],[133,25,135,21,0,0,0,3],[135,21,135,51,0,0,0,0],[138,10,139,14,0,0,0,3],[139,14,165,10,0,0,0,0],[139,17,139,23,0,0,0,0],[139,24,162,10,0,0,0,0],[142,19,142,23,0,0,0,0],[142,24,149,14,0,0,0,0],[145,20,145,43,0,0,0,0],[145,44,146,21,0,0,0,3],[146,21,146,24,0,0,0,0],[146,25,148,21,0,0,0,3],[148,21,148,45,0,0,0,0],[153,19,153,23,0,0,0,0],[153,24,160,14,0,0,0,0],[156,20,156,48,0,0,0,0],[156,49,157,21,0,0,0,3],[157,21,157,24,0,0,0,0],[157,25,159,21,0,0,0,3],[159,21,159,51,0,0,0,0],[162,10,163,13,0,0,0,3],[163,13,165,10,0,0,0,0],[166,6,168,9,0,0,0,3],[168,9,168,57,0,0,0,0],[169,1,169,1,0,0,0,2]]},{"branches":[[175,11,175,15,0,0,0,0,4],[178,12,178,27,0,0,0,0,4],[184,8,184,15,0,0,0,0,4]],"count":0,"filenames":["/Users/titienipaul/Desktop/Facultate/sem2/OOP/Lab2-4/ui/ui.c"],"name":"sterge_produs_ui","regions":[[172,35,190,2,0,0,0,0],[175,11,175,15,0,0,0,0],[175,16,182,6,0,0,0,0],[178,12,178,27,0,0,0,0],[178,28,179,13,0,0,0,3],[179,13,179,16,0,0,0,0],[179,17,181,13,0,0,0,3],[181,13,181,35,0,0,0,0],[184,8,184,15,0,0,0,0],[184,16,186,6,0,0,0,0],[186,6,187,9,0,0,0,3],[187,9,189,6,0,0,0,0]]},{"branches":[[193,8,193,18,0,0,0,0,4],[196,15,196,20,0,0,0,0,4],[201,16,201,22,0,0,0,0,4],[201,26,201,32,0,0,0,0,4],[208,15,208,20,0,0,0,0,4],[213,16,213,27,0,0,0,0,4],[215,21,215,32,0,0,0,0,4]],"count":0,"filenames":["/Users/titienipaul/Desktop/Facultate/sem2/OOP/Lab2-4/ui/ui.c"],"name":"sortare_ui","regions":[[192,29,223,2,0,0,0,0],[193,8,193,18,0,0,0,0],[193,19,220,6,0,0,0,0],[196,15,196,20,0,0,0,0],[196,21,205,10,0,0,0,0],[201,16,201,22,0,0,0,0],[201,16,201,32,0,0,0,0],[201,26,201,32,0,0,0,0],[201,33,202,17,0,0,0,3],[202,17,202,21,0,0,0,0],[202,22,204,17,0,0,0,3],[204,17,204,45,0,0,0,0],[208,15,208,20,0,0,0,0],[208,21,219,10,0,0,0,0],[213,16,213,27,0,0,0,0],[213,28,214,17,0,0,0,3],[214,17,214,72,0,0,0,0],[214,73,215,18,0,0,0,3],[215,18,218,45,0,0,0,0],[215,21,215,32,0,0,0,0],[215,33,216,17,0,0,0,3],[216,17,216,77,0,0,0,0],[216,78,218,17,0,0,0,3],[218,17,218,45,0,0,0,0],[220,6,222,9,0,0,0,3],[222,9,222,53,0,0,0,0]]},{"branches":[[226,8,226,18,0,0,0,0,4],[229,15,229,19,0,0,0,0,4],[235,16,235,27,0,0,0,0,4],[239,23,239,28,0,0,0,0,4],[242,24,242,55,0,0,0,0,4],[250,21,250,32,0,0,0,0,4],[254,23,254,28,0,0,0,0,4],[257,24,257,43,0,0,0,0,4],[265,21,265,32,0,0,0,0,4],[269,23,269,28,0,0,0,0,4],[272,24,272,53,0,0,0,0,4]],"count":0,"filenames":["/Users/titienipaul/Desktop/Facultate/sem2/OOP/Lab2-4/ui/ui.c"],"name":"filtrare_ui","regions":[[225,30,286,2,0,0,0,0],[226,8,226,18,0,0,0,0],[226,19,283,6,0,0,0,0],[229,15,229,19,0,0,0,0],[229,20,282,10,0,0,0,0],[235,16,235,27,0,0,0,0],[235,28,249,14,0,0,0,0],[239,23,239,28,0,0,0,0],[239,29,246,18,0,0,0,0],[242,24,242,55,0,0,0,0],[242,56,243,25,0,0,0,3],[243,25,243,29,0,0,0,0],[243,30,245,25,0,0,0,3],[245,25,245,55,0,0,0,0],[249,14,250,18,0,0,0,3],[250,18,281,45,0,0,0,0],[250,21,250,32,0,0,0,0],[250,33,264,14,0,0,0,0],[254,23,254,28,0,0,0,0],[254,29,261,18,0,0,0,0],[257,24,257,43,0,0,0,0],[257,44,258,25,0,0,0,3],[258,25,258,29,0,0,0,0],[258,30,260,25,0,0,0,3],[260,25,260,49,0,0,0,0],[264,14,265,18,0,0,0,3],[265,18,281,45,0,0,0,0],[265,21,265,32,0,0,0,0],[265,33,279,14,0,0,0,0],[269,23,269,28,0,0,0,0],[269,29,276,18,0,0,0,0],[272,24,272,53,0,0,0,0],[272,54,273,25,0,0,0,3],[273,25,273,29,0,0,0,0],[273,30,275,25,0,0,0,3],[275,25,275,49,0,0,0,0],[279,14,281,17,0,0,0,3],[281,17,281,45,0,0,0,0],[283,6,285,9,0,0,0,3],[285,9,285,53,0,0,0,0]]},{"branches":[[290,11,290,15,0,0,0,0,4],[297,13,297,21,0,0,0,0,4],[300,13,300,21,0,0,0,0,4],[303,13,303,21,0,0,0,0,4],[306,13,306,21,0,0,0,0,4],[309,13,309,21,0,0,0,0,4],[312,13,312,21,0,0,0,0,4],[315,13,315,21,0,0,0,0,4],[318,13,318,20,0,0,0,0,4]],"count":0,"filenames":["/Users/titienipaul/Desktop/Facultate/sem2/OOP/Lab2-4/ui/ui.c"],"name":"start_program","regions":[[288,31,323,2,0,0,0,0],[290,11,290,15,0,0,0,0],[290,16,322,6,0,0,0,0],[296,9,320,22,0,0,0,3],[297,13,299,22,0,0,0,0],[299,23,300,13,0,0,0,3],[300,13,302,22,0,0,0,0],[302,23,303,13,0,0,0,3],[303,13,305,22,0,0,0,0],[305,23,306,13,0,0,0,3],[306,13,308,22,0,0,0,0],[308,23,309,13,0,0,0,3],[309,13,311,22,0,0,0,0],[311,23,312,13,0,0,0,3],[312,13,314,22,0,0,0,0],[314,23,315,13,0,0,0,3],[315,13,317,22,0,0,0,0],[317,23,318,13,0,0,0,3],[318,13,320,22,0,0,0,0]]},{"branches":[[4,8,4,12,1,1,0,0,4]],"count":2,"filenames":["/Users/titienipaul/Desktop/Facultate/sem2/OOP/Lab2-4/validari/validator.c"],"name":"validare_id","regions":[[3,24,7,2,2,0,0,0],[4,8,4,12,2,0,0,0],[4,13,5,9,1,0,0,3],[5,9,5,17,1,0,0,0],[5,18,6,5,1,0,0,3],[6,5,6,13,1,0,0,0]]},{"branches":[[10,8,10,32,0,2,0,0,4],[10,36,10,59,0,2,0,0,4],[10,63,10,88,0,2,0,0,4],[10,92,10,118,0,2,0,0,4],[10,122,10,146,1,1,0,0,4]],"count":2,"filenames":["/Users/titienipaul/Desktop/Facultate/sem2/OOP/Lab2-4/validari/validator.c"],"name":"validare_tip","regions":[[9,29,13,2,2,0,0,0],[10,8,10,32,2,0,0,0],[10,8,10,59,2,0,0,0],[10,8,10,88,2,0,0,0],[10,8,10,118,2,0,0,0],[10,8,10,146,2,0,0,0],[10,36,10,59,2,0,0,0],[10,63,10,88,2,0,0,0],[10,92,10,118,2,0,0,0],[10,122,10,146,2,0,0,0],[10,147,11,9,1,0,0,3],[11,9,11,17,1,0,0,0],[11,18,12,5,1,0,0,3],[12,5,12,13,1,0,0,0]]},{"branches":[[16,8,16,36,0,2,0,0,4],[16,40,16,69,1,1,0,0,4],[16,73,16,101,0,1,0,0,4],[16,105,16,131,0,1,0,0,4]],"count":2,"filenames":["/Users/titienipaul/Desktop/Facultate/sem2/OOP/Lab2-4/validari/validator.c"],"name":"validare_producator","regions":[[15,43,19,2,2,0,0,0],[16,8,16,36,2,0,0,0],[16,8,16,69,2,0,0,0],[16,8,16,101,2,0,0,0],[16,8,16,131,2,0,0,0],[16,40,16,69,2,0,0,0],[16,73,16,101,1,0,0,0],[16,105,16,131,1,0,0,0],[16,132,17,9,1,0,0,3],[17,9,17,17,1,0,0,0],[17,18,18,5,1,0,0,3],[18,5,18,13,1,0,0,0]]},{"branches":[[22,8,22,15,1,1,0,0,4]],"count":2,"filenames":["/Users/titienipaul/Desktop/Facultate/sem2/OOP/Lab2-4/validari/validator.c"],"name":"validare_pret","regions":[[21,28,25,2,2,0,0,0],[22,8,22,15,2,0,0,0],[22,16,23,9,1,0,0,3],[23,9,23,17,1,0,0,0],[23,18,24,5,1,0,0,3],[24,5,24,13,1,0,0,0]]},{"branches":[[28,8,28,20,1,1,0,0,4]],"count":2,"filenames":["/Users/titienipaul/Desktop/Facultate/sem2/OOP/Lab2-4/validari/validator.c"],"name":"validare_cantitate","regions":[[27,39,31,2,2,0,0,0],[28,8,28,20,2,0,0,0],[28,21,29,9,1,0,0,3],[29,9,29,17,1,0,0,0],[29,18,30,5,1,0,0,3],[30,5,30,13,1,0,0,0]]}],"totals":{"branches":{"count":190,"covered":69,"notcovered":121,"percent":36.315789473684212},"functions":{"count":57,"covered":49,"percent":85.964912280701753},"instantiations":{"count":57,"covered":49,"percent":85.964912280701753},"lines":{"count":746,"covered":369,"percent":49.463806970509381},"regions":{"count":288,"covered":147,"notcovered":141,"percent":51.041666666666664}}}],"type":"llvm.coverage.json.export","version":"2.0.1"}